,Title,Summary
0,dâng hương tưởng niệm các vua hùng nhân dịp lễ giỗ tổ hùng vương,"sáng ngày 29/4 (ngày 10-3 âm lịch), đoàn lãnh đạo trường, cựu giáo chức và cán bộ công nhân viên của trường đại học bách khoa đã tổ chức dâng hương tưởng niệm các vua hùng."
1,bổ nhiệm lại pgs. ts. mai thanh phong giữ chức hiệu trưởng trường đại học bách khoa - đhqg-hcm,"căn cứ sự tín nhiệm của tập thể lãnh đạo đhqg-hcm, của đảng ủy, hội đồng trường, ban giám hiệu và toàn thể viên chức trường đại học bách khoa, vừa qua hội đồng đại học đhqg-hcm đã có nghị quyết công nhận và giám đốc đhqg-hcm đã có quyết định bổ nhiệm lại hiệu trưởng trường đại học bách khoa."
2,khởi nghiệp đổi mới sáng tạo từ những bước chân đầu tiên trên ghế nhà trường,"với mục tiêu phát triển thành mô hình trường đại học khởi nghiệp, sinh viên trường đại học bách khoa có nhiều cơ hội tiếp cận hơn với các hoạt động khởi nghiệp đổi mới sáng tạo ngay từ những năm đầu tiên bước chân vào đại học."
3,tập đoàn đèo cả và trường đại học bách khoa ký kết hợp tác chiến lược,"ngày 23/4, tại thành phố đà nẵng, trong khuôn khổ buổi lễ khánh thành trung tâm huấn luyện thực hành đèo cả, tập đoàn đèo cả và trường đại học bách khoa - đhqg-hcm đã ký thỏa thuận hợp tác ."
4,nữ nghiên cứu sinh trường đh bách khoa tốt nghiệp với 6 bài báo web of science/scopus trong 4 năm,"tháng 4 năm 2023, trường đại học bách khoa tổ chức lễ tốt nghiệp cho 22 tiến sĩ. có nữ tân tiến sĩ công bố 6 bài báo web of science/scopus trong 4 năm."
5,đội thi trường đh bách khoa đạt 20 giải cá nhân và giải nhì toàn đoàn tại hội thi olympic hóa học sinh viên toàn quốc lần thứ xi,"đội thi trường đại học bách khoa mang về kết quả ấn tượng với 20 giải cá nhân, gồm 4 giải nhất, 12 giải nhì, 4 giải ba và đoạt giải nhì toàn đoàn bảng b."
6,"hơn 1400 nghiên cứu sinh, học viên cao học, sinh viên tốt nghiệp tháng 4/2023","ngày 21-22/4, trường đại học bách khoa - đại học quốc gia tp.hcm tổ chức lễ tốt nghiệp tháng 4/2023, công nhận và trao bằng cho 22 tiến sĩ, 194 thạc sĩ và 1190 tân kỹ sư, kiến trúc sư, cử nhân."
7,giáo sư trần văn thọ - giáo sư danh dự đại học waseda đến thăm trường đại học bách khoa,"sáng 13/4, trường đại học bách khoa vinh dự đón tiếp giáo sư trần văn thọ - gs danh dự đại học waseda, tokyo; ủy viên hội đồng trường trường đại học công nghệ nagaoka, nhật bản đến thăm và làm việc."
8,đội tuyển bách khoa đoạt 10 giải tại olympic toán học sinh viên và học sinh 2023,đội tuyển trường đại học bách khoa - đhqg-hcm gồm 7 sinh viên đã xuất sắc nhận về 10 giải tại cuộc thi olympic toán học sinh viên và học sinh toàn quốc 2023.
9,"hội thảo “tổng quan về năng suất chất lượng và áp dụng năng suất trong các trường đại học, cao đẳng”","tổng cục tiêu chuẩn đo lường chất lượng phối hợp với trường đại học bách khoa - đhqg-hcm tổ chức hội thảo “tổng quan về năng suất chất lượng và áp dụng năng suất trong các trường đại học, cao đẳng” vào chiều ngày 7/4."
10,7 nhóm ngành do trường đại học bách khoa - đhqg-hcm tham gia đào tạo xếp thứ hạng cao tại bảng xếp hạng qs,"trên bảng xếp hạng đại học theo lĩnh vực do tổ chức qs công bố, ngành kỹ thuật dầu khí của trường đại học bách khoa - đhqg-hcm tiếp tục duy trì thứ hạng 51-100"
11,hơn 400 thí sinh tham dự bách khoa open day 2023,bách khoa open day 2023 là ngày hội tư vấn tuyển sinh lớn nhất hàng năm của trường đại học bách khoa nhằm cung cấp thông tin mới nhất về các chương trình đào tạo chính quy quốc tế.
12,cuộc thi going green: nở rộ các ý tưởng của sinh viên trong lĩnh vực dệt may,"với mong muốn tạo sân chơi bổ ích cho sinh viên sáng tạo trong lĩnh vực dệt may, couple group kết hợp với bộ môn kỹ thuật dệt may tổ chức cuộc thi going green “nghiên cứu, thiết kế và phát triển chất liệu hướng đến bền vững trong thời trang”."
13,sức trẻ bách khoa trong tháng thanh niên,"nhiệt liệt hưởng ứng tháng thanh niên 2023, đoàn thanh niên trường đại học bách khoa - đhqg-hcm đã triển khai chuỗi hoạt động thiết thực."
14,"7 trường đại học kỹ thuật ký kết hợp tác và cùng làm việc với ubnd tỉnh bình định về nghiên cứu, chuyển giao công nghệ","hướng đến việc hợp tác cùng nhau phát triển, vào sáng ngày 31.3 tại tp quy nhơn (bình định), 7 trường đại học kỹ thuật hàng đầu tại việt nam đã tiến hành ký kết hợp tác trong lĩnh vực nghiên cứu, chuyển giao công nghệ phục vụ cho sự nghiệp đổi mới đất nước."
15,dấu chân bách khoa mùa tư vấn tuyển sinh tháng 3,"trên tinh thần “tới tận nơi, trao tận lời”, trong tháng 3 vừa qua, đội ngũ tư vấn tuyển sinh trường đại học bách khoa - đhqg-hcm đã đặt chân đến hơn 30 trường thpt trên khắp các tỉnh, thành như đồng nai, tiền giang, khánh hòa, long an, cần thơ, bà rịa - vũng tàu,..."
16,dấu chân bách khoa mùa tư vấn tuyển sinh tháng 3,"trên tinh thần “tới tận nơi, trao tận lời”, trong tháng 3 vừa qua, đội ngũ tư vấn tuyển sinh trường đại học bách khoa - đhqg-hcm đã đặt chân đến hơn 30 trường thpt trên khắp các tỉnh, thành như đồng nai, tiền giang, khánh hòa, long an, cần thơ, bà rịa - vũng tàu,..."
17,"đoàn giám sát của ủy ban văn hóa, giáo dục quốc hội đến thăm và làm việc với trường đh bách khoa","chiều 27/3, đoàn giám sát của ủy ban văn hóa, giáo dục của quốc hội đã có buổi làm việc với trường đại học bách khoa, đại học quốc gia tp. hồ chí minh về việc thực hiện chính sách, pháp luật trong đào tạo trình độ tiến sĩ."
18,“ngày hội ngành nước 2023” thu hút hàng loạt trường đại học và doanh nghiệp tham gia,"nước là tài nguyên vô giá, là khởi nguồn cho sự sống của muôn loài. nhằm nghiên cứu và góp phần phát triển bền vững tài nguyên nước, ngành nước ra đời và trở thành một trong những lĩnh vực quan trọng nhất của xã hội."
19,3/5 giải tại cuộc thi eprojects thuộc về sinh viên trường đại học bách khoa,"sáng 24/3, ở tổng lãnh sự quán mỹ tại tp.hcm đã diễn ra vòng chung kết cuộc thi dự án đổi mới sáng tạo kỹ thuật eprojects. tại đây, các đội sinh viên đến từ các trường đại học việt nam đã trình bày bảy mô hình khoa học công nghệ mang tính ứng dụng cao."
20,đông nhất từ trước đến nay: 90.000 thí sinh tham gia kỳ thi đánh giá năng lực đhqg-hcm,"sáng ngày 26/3, 90.000 thí sinh tại 47 cụm thi ở 21 tỉnh, thành trên cả nước hồ hởi tham gia kỳ thi đánh giá năng lực do đhqg-hcm tổ chức."
21,trường đh bách khoa triển khai thành công chương trình giáo dục hợp tác “collaborative education program” (cep),"trong khuôn khổ dự án “mạng lưới phát triển giáo dục kỹ thuật các trường đại học đông nam á”, trường đại học bách khoa – đhqg-hcm đã triển khai chương trình giáo dục hợp tác “collaborative education program” (cep) trong giai đoạn 2019 – 2022."
22,góc tin khởi nghiệp đổi mới sáng tạo tháng 3 năm 2022,"góc tin về khởi nghiệp đổi mới sáng tạo tháng 3 xoay quanh cuộc thi bach khoa innovation 2023 với các hoạt động chính gồm khởi động cuộc thi vào ngày 4/3/2023 và  “hội thảo về mô hình kinh doanh, viết thuyết minh dự án” vào ngày 11/3/2023."
23,đoàn công tác của trường đại học bách khoa – đhqg-hcm đến thăm và làm việc cùng các trường đại học và doanh nghiệp tại nhật bản,"từ ngày 8-10/3/2023, đoàn công tác của trường đại học bách khoa – đhqg-hcm do pgs.ts. nguyễn danh thảo – phó hiệu trưởng dẫn đầu đã có chuyến thăm và làm việc với một số trường đại học và doanh nghiệp tại nhật bản."
24,khoa cơ khí ký kết hợp tác với công ty cổ phần tập đoàn dat (dat group),"sáng ngày 8/3/2023, khoa cơ khí trường đại học bách khoa đã tiến hành ký kết hợp tác với công ty cổ phần tập đoàn dat (dat group)."
25,"đại hội đại biểu công đoàn trường đại học bách khoa lần thứ 19, nhiệm kỳ 2023-2028","ngày 6-7/3/2023, công đoàn trường đại học bách khoa – đhqg-hcm long trọng tổ chức đại hội đại biểu công đoàn trường lần 19, nhiệm kỳ 2023-2028."
26,phiên họp hội đồng trường trường đại học bách khoa lần viii,"chiều ngày 3/3/2023, phiên họp hội đồng trường trường đh bách khoa – đhqg-hcm lần viii đã diễn ra tại trường đh bách khoa. bên cạnh việc báo cáo tình hình hoạt động của trường, phiên họp đã thảo luận nhiều nội dung quan trọng liên quan đến công tác hoạt động trong thời gian tới."
27,trường đại học bách khoa chúc mừng ngày quốc tế phụ nữ 8/3,"trường đại học bách khoa chúc cho các bà, các mẹ, các chị em, các nữ viên chức, người lao động và các nữ sinh một ngày 8/3 tràn đầy niềm vui, luôn trẻ đẹp và thành công trong cuộc sống."
28,30 năm thành lập khoa khoa học và kỹ thuật máy tính: hơn nửa tỷ đồng ủng hộ quỹ hoạt động của khoa,"tối 4/3, khoa khoa học và kỹ thuật máy tính đã tổ chức chương trình đêm hội ngộ với chủ đề “anh em về nhà” nhân dịp kỷ niệm 30 năm thành lập khoa (1993-2023). đây là dịp để bày tỏ lòng tri ân đến với các thế hệ thầy, cô giáo của khoa, đồng thời kết nối sinh viên các khóa, cùng tề tựu về ngôi nhà xanh bách khoa."
29,chính thức khởi động cuộc thi bach khoa innovation lần vi năm 2023,"sáng ngày 4/3/2023, trường đại học bách khoa chính thức khởi động cuộc thi khởi nghiệp đổi mới sáng tạo ""bach khoa innovation lần vi năm 2023”."
30,"đoàn công tác trường đại học bách khoa tham gia hội thảo dự án enhance tại đại học warwick, vương quốc anh","ngày 27.02.2023, đoàn công tác trường đại học bách khoa – đhqg – hcm do pgs. ts. lê văn thăng, phó hiệu trưởng dẫn đoàn đã tham gia hội thảo “engineering and science for deeply uncertain times"" do dự án enhance tổ chức tại đại học warwick, vương quốc anh."
31,"ban chấp hành đảng bộ trường đh bách khoa tổ chức “hội nghị sơ kết, đánh giá giữa nhiệm kỳ 2020 – 2025”","sáng ngày 28/2, ban chấp hành đảng bộ trường đh bách khoa đã tổ chức “hội nghị sơ kết, đánh giá giữa nhiệm kỳ 2020 – 2025”."
32,bosch viet nam và những chia sẻ thú vị tại hội thảo “smart manufacturing in industry”,"bosch việt nam phối hợp cùng trường đại học bách khoa tổ chức hội thảo “smart manufacturing in industry” (sản xuất thông minh trong công nghiệp) vào hai ngày 24,25/2/2023."
33,trường đại học bách khoa chúc mừng kỷ niệm 68 năm ngày thầy thuốc việt nam 27/02/2023,"sáng nay 27/02, lãnh đạo nhà trường cùng đại diện lãnh đạo các đơn vị đã đến thăm, chúc mừng các cán bộ, viên chức của trạm y tế nhân dịp kỷ niệm 68 năm ngày thầy thuốc việt nam (27/02/1955 - 27/02/2023)."
34,"hội nghị tổng kết chương trình ""collaborative education program"" (cep) thuộc dự án aun/seed-net","nhằm tổng kết các kết quả đã đạt được cũng như đúc kết kinh nghiệm sau quá trình triển khai để tạo tiền đề cho nhà trường trong việc tự vận hành chương trình ""collaborative education program"" (cep) sau khi dự án kết thúc, vào ngày 24-25/02/2023, trường đại học bách khoa đã phối hợp với văn phòng dự án aun/seed-net tổ chức sự kiện tổng kết chương trình cep."
35,ngày hội tư vấn tuyển sinh 2023: không gian gắn kết trực tiếp các đơn vị giáo dục với phụ huynh & học sinh,"ngày 26/2, tại khuôn viên trường đh bách khoa - đhqg-tp.hcm (268 lý thường kiệt, quận 10), ngày hội tư vấn tuyển sinh - hướng nghiệp 2023 đã diễn ra rất sôi nổi, quy tụ hàng trăm gian hàng tư vấn của các trường đại học cùng đông đảo quý phụ huynh & học sinh đến từ tp.hcm và các tỉnh thành lân cận."
36,trường đại học công nghệ nagaoka và đại diện của 26 doanh nghiệp nhật xúc tiến hợp tác với trường đại học bách khoa,"sáng ngày 24/2, trường đại học công nghệ nagaoka, nhật bản phối hợp cùng trường đại học bách khoa - đhqg tp.hcm tổ chức buổi gặp gỡ, trao đổi thông tin về việc hợp tác giữa các ngành công nghiệp và trường đại học."
37,thông tin tuyển sinh đại học chính quy 2023 trường đại học bách khoa,"năm học 2023-2024, trường đại học bách khoa – đhqg tp.hcm dự kiến tuyển sinh 5150 chỉ tiêu dựa trên 5 phương thức tuyển sinh."
38,50 bộ cloud kit từ renesas được trao tặng cho trường đại học bách khoa,"chiều ngày 16/2, đại diện renesas electronics corporation và renesas design vietnam đã đến thăm và tài trợ 50 bộ cloud kit do tập đoàn này sản xuất nhằm hỗ trợ hoạt động giảng dạy tại trường đại học bách khoa. theo đó, khoa khoa học & kỹ thuật máy tính sẽ nhận 30 bộ và khoa điện - điện tử nhận 20 bộ."
39,khởi nghiệp đổi mới sáng tạo: hệ sinh thái mở cần sự kết nối sâu rộng,đó là nội dung được thảo luận trong diễn đàn khởi nghiệp đổi mới sáng tạo do sở khoa học & công nghệ tỉnh bình định phối hợp cùng trường đại học bách khoa và các đơn vị đồng tổ chức vào chiều ngày 11/2/2022 tại công viên hồ kỳ hòa.
40,"trường đh sun yat-sen, đài loan và trường đh bách khoa, đhqg-hcm ký kết hợp tác","sáng 10/2, trường đh bách khoa đón tiếp phái đoàn trường đh sun yat-sen, đặt nền tảng cho lần đầu hợp tác với ngôi trường kỹ thuật tiên tiến tại đài loan."
41,"tham tán thương mại ý tại tp.hcm và chủ tịch, tổng thư ký hiệp hội máy dệt ý đến thăm và làm việc tại trường đh bách khoa","trong hai ngày 7/2 và 8/2, ông fabio de cillis - tham tán thương mại ý tại tp.hcm và đại diện hiệp hội máy dệt ý gồm ông alessandro zucchi - chủ tịch và ông federico pellegata - tổng thư ký đã có chuyến thăm và làm việc tại trường đh bách khoa."
42,khoa khoa học ứng dụng: 20 năm ghi dấu một chặng đường,"sáng ngày 4/2/2023, tại hội trường a5, khoa khoa học ứng dụng đã long trọng tổ chức lễ kỷ niệm 20 năm thành lập (28/01/2003 – 28/01/2023) - một dấu ấn mới trên hành trình phát triển của khoa."
43,"viên chức, người lao động, sinh viên trường đh bách khoa hồ hởi quay lại trường sau tết nguyên đán 2023","sáng 30/1 (mùng 9 tháng giêng al), đông đảo viên chức, người lao động, sinh viên trường đại học bách khoa - đhqg-hcm đã quay trở lại làm việc sau kỳ nghỉ tết quý mão 2023."
44,sở công thương tp.hcm và trường đại học bách khoa đhqg-hcm ký kết hợp tác,"sáng ngày 11/1/2023, đại diện sở công thương tp.hcm đã đến thăm và làm việc với trường đại học bách khoa - đhqg-hcm, đặt nền tảng cho mối quan hệ hợp tác lâu dài giữa hai bên trong công tác nghiên cứu khoa học công nghệ."
45,nhà khoa học nữ duy nhất toàn châu á đạt giải thưởng sáng tạo xuất sắc nhất của quỹ toàn cầu hitachi năm 2022,"pgs.ts lê thị kim phụng (giảng  viên trường đh bách khoa-đhqg-hcm) là nhà khoa học nữ  duy nhất toàn châu á nhận được giải thưởng sáng tạo xuất sắc nhất của quỹ toàn cầu hitachi năm 2022. buổi lễ trao giải vừa được diễn ra tại trụ sở chính của tập đoàn hitachi ở tokyo (nhật bản) ngày hôm qua, 10/1/2023."
46,"phiên họp lần thứ bảy của hội đồng trường trường bách khoa, nhiệm kỳ 2020-2025","chiều ngày 6/1/2023,  hội đồng trường trường đh bách khoa - đhqg-hcm đã tổ chức phiên họp lần thứ bảy, thông qua nhiều nội dung quan trọng. gs.ts lê minh phương - chủ tịch hội đồng trường chủ trì phiên họp. dự phiên họp có pgs.ts mai thanh phong - hiệu trưởng; các phó hiệu trưởng: pts. ts trần thiên phúc, pgs.ts lê văn thăng cùng các thành viên trong hội đồng trường."
47,hội nghị lần iii ban đại diện bka nhiệm kỳ 2021 - 2023 và tiệc tất niên trường đại học bách khoa - ban đại diện bka,"chiều 7/1/2022, tại trung tâm thiskyhall, cộng đồng cựu sinh viên phú thọ - bách khoa (bka) đã tổ chức chương trình hội nghị ban đại diện bka lần iii (nhiệm kỳ 2021-2023). sau đó, tiệc tất niên giao lưu giữa nhà trường và ban đại diện cùng quý đối tác thân thiết đã diễn ra trong không khí thân mật."
48,"hội nghị đảng viên 6 tháng cuối năm 2022; nghiên cứu, học tập và quán triệt nghị quyết hội nghị trung ương 6 khóa xiii","sáng 6/1/2022, bch đảng bộ trường đh bách khoa-đhqg-hcm tổ chức hội nghị đảng viên 6 tháng cuối năm 2022; nghiên cứu, học tập và quán triệt nghị quyết hội nghị lần thứ 6 ban chấp hành trung ương khóa 13 cho toàn thể viên chức, người lao động của trường."
49,aqua việt nam tài trợ thiết bị điện lạnh cho sinh viên trường đh bách khoa,"sáng ngày 27/12/2022, tại bm nhiệt lạnh (khoa cơ khí, trường đh bách khoa) đã diễn ra lễ trao các thiết bị điện lạnh do aqua việt nam tài trợ cho sinh viên nhà trường học tập và nghiên cứu."
50,"tết sinh viên - tết an nhiên, tân niên tấn tới","sắc xuân bắt đầu ngập tràn mọi nẻo, trước khoảnh khắc giao thời giữa năm cũ và năm mới, các bạn sinh viên bách khoa đã có những giây phút đón tết rộn ràng, tưng bừng cùng nhau."
51,a year in review - dấu ấn bách khoa 2022,"năm 2022 đầy thử thách và đổi mới sắp qua đi, trường đại học bách khoa - đhqg-tp.hcm đã gặt hái được những thành quả đáng khích lệ, tiếp tục có nhiều điểm sáng trong quốc tế hóa giáo dục đại học; đào tạo và kiểm định; khoa học công nghệ; hợp tác quốc tế,..."
52,ký kết hợp tác với công ty tnhh abb automation & electrification,"chiều ngày 29/12/2022, tại hội trường b11, đã diễn ra lễ ký kết mou giữa khoa cơ khí và ban robot và tự động hóa nhà máy thuộc công ty tnhh abb automation & electrification."
53,quỹ học bổng dove fund trao tặng 20 suất học bổng cho sinh viên bách khoa,"chiều 29/12, chương trình học bổng dove fund đã trao tặng 20 suất học bổng dove fund, mỗi suất trị giá 300 usd cho sinh viên trường đại học bách khoa."
54,góc tin khởi nghiệp - đổi mới sáng tạo tháng 12/2022,góc tin khởi nghiệp - đổi mới sáng tạo tháng 12 với các hoạt động thông tin về buổi hội thảo quan trọng với chủ đề “thúc đẩy tinh thần đổi mới sáng tạo và khởi nghiệp: kinh nghiệm của đại học quốc gia singapore” do đại học quốc gia thành phố hồ chí minh tổ chức và sự kiện tổng kết các hoạt động và thành tựu về khởi nghiệp đổi mới sáng tạo của trường đại học bách khoa năm 2022.
55,trường đại học bách khoa thúc đẩy tinh thần khởi nghiệp đổi mới sáng tạo trong sinh viên,"sáng ngày 28/12, nhằm tổng kết lại các hoạt động và thành tựu về khởi nghiệp đổi mới sáng tạo của trường đại học bách khoa năm 2022, đồng thời mở rộng kết nối với các doanh nghiệp, tổ chức, các quỹ đầu tư trong hệ sinh thái khởi nghiệp, phòng khoa học công nghệ - dự án, trung tâm ươm tạo doanh nghiệp công nghệ phối hợp cùng đoàn thanh niên - hội sinh viên trường đại học bách khoa tổ chức hội thảo “kết nối hợp tác và phát triển cùng hệ sinh thái khởi nghiệp đổi mới sáng tạo trường đại học bách khoa”."
56,“thúc đẩy tinh thần đổi mới sáng tạo và khởi nghiệp: kinh nghiệm của đại học quốc gia singapore”,"chiều thứ tư 21/12/2022 tại hội trường trần chí đáo - nhà điều hành đhqg-hcm, đoàn trường đại học bách khoa gồm đại diện bgh, lãnh đạo các khoa, p.khcn-da, trung tâm ươm tạo doanh nghiệp công nghệ và các các sinh viên đã tham dự hội thảo với chủ đề “thúc đẩy tinh thần đổi mới sáng tạo và khởi nghiệp: kinh nghiệm của đại học quốc gia singapore” do đại học quốc gia thành phố hồ chí minh (đhqg-hcm) tổ chức."
57,"trường đại học bách khoa tham gia buỗi lễ ký kết hợp tác bền vững tại hội thảo quốc tế khu vực châu á, dự án enhance","vừa qua, đoàn cán bộ trường đại học bách khoa – đhqg hcm đã có chuyến làm việc tại indonesia để tham gia hội thảo quốc tế khu vực châu á trong khuôn khổ dự án enhance. hội thảo do trường đại học udayana, đại học gadjah mada và viện công nghệ bandung cùng phối hợp với dự án enhance tổ chức."
58,"trường đại học bách khoa tham gia buỗi lễ ký kết hợp tác bền vững tại hội thảo quốc tế khu vực châu á, dự án enhance","vừa qua, đoàn cán bộ trường đại học bách khoa – đhqg hcm đã có chuyến làm việc tại indonesia để tham gia hội thảo quốc tế khu vực châu á trong khuôn khổ dự án enhance. hội thảo do trường đại học udayana, đại học gadjah mada và viện công nghệ bandung cùng phối hợp với dự án enhance tổ chức."
59,trường đh bách khoa ký kết hợp tác với lg display việt nam hải phòng,"sáng 27/12, đại diện công ty tnhh lg display việt nam hải phòng đã đến thăm trường đại học bách khoa. tại đây, nhà trường và doanh nghiệp đã ký kết thỏa thuận, đặt nền móng cho quan hệ hợp tác lâu dài giữa đôi bên."
60,900 triệu đồng tiền học bổng được trao tặng cho sinh viên trường đại học bách khoa,"chiều ngày 26/12, quỹ tài trợ khát vọng tương lai thuộc công ty cổ phần chứng khoán mirae asset việt nam đã trao tặng 30 suất học bổng, mỗi suất trị giá 30 triệu đồng cho 30 sinh viên trường đại học bách khoa - đhqg tp.hcm. tại buổi trao học bổng, nhà trường và doanh nghiệp đã tiến hành ký kết hợp tác với nhau trên một số phương diện liên quan đến giáo dục đào tạo."
61,trường đh bách khoa tổ chức ngày hội kỹ thuật 2023,"sáng 24/12/2022, trường đh bách khoa-đhqg-hcm tổ chức ngày hội kỹ thuật năm 2023. đây là hoạt động thường niên dành cho các bạn sinh viên có đam mê nghiên cứu khoa học và cũng là sự kiện trực tiếp đầu tiên dành cho tân sinh viên khoá 2022 của trường."
62,hơn 300 vận động viên tham gia đường đua bk run 2022,"sáng ngày 21/12 tại sân b2, đường đua “bk run 2022” chính thức khởi động, thu hút hơn 300 vận động viên là cán bộ, viên chức, người lao động trường đh bách khoa-đhqg-hcm tham gia. không những xuất sắc trong thi đua dạy và học, trường còn đẩy mạnh các phong trào thể dục thể thao, hướng đến tạo lập môi trường làm việc năng động, nhiệt huyết."
63,lễ ra quân chiến dịch xuân tình nguyện 2023,"sáng ngày 20/12/2022, tại sân h6 cơ sở dĩ an trường đại học bách khoa - đhqg-hcm, hội sinh viên trường đã long trọng tổ chức lễ ra quân chiến dịch xuân tình nguyện 2023. đây là một trong những chiến dịch tình nguyện thường niên của trường đh bách khoa-đhqg-hcm."
64,trường đh bách khoa và bệnh viện phục hồi chức năng - điều trị bệnh nghề nghiệp ký kết hợp tác,"sáng ngày 20/12/2022, tại bệnh viện phục hồi chức năng - điều trị bệnh nghề nghiệp (q8, tp.hcm) đã diễn ra lễ ký kết hợp tác giữa trường đh bách khoa-đhqg-hcm và bệnh viện phục hồi chức năng - điều trị bệnh nghề nghiệp trong lĩnh vực nghiên cứu khoa học, chuyển giao công nghệ và đào tạo."
65,đánh giá chất lượng theo bộ tiêu chuẩn aun-qa cho ngành kỹ thuật vật liệu,"sáng ngày 19/12/2022, lễ khai mạc đánh giá chất lượng cấp chương trình đào tạo theo bộ tiêu chuẩn quốc tế aun-qa năm 2022 cho ngành kỹ thuật vật liệu đã được tổ chức trực tuyến trên zoom."
66,trường đại học bách khoa tổ chức trao bằng tốt nghiệp cho các tân thạc sĩ khóa 2020,"sáng ngày 17/12/2022 vừa qua, trường đại học bách khoa, chương trình thạc sĩ chất lượng cao bk-imp đã tổ chức lễ tốt nghiệp và trao bằng thạc sĩ cho các học viên khóa 2020 tại hội trường b4, trường đại học bách khoa. buổi lễ tốt nghiệp đã khép lại một chặng đường học tập, tích luỹ kiến thức với nhiều kỉ niệm đáng nhớ và cũng mở ra một hành trình mới để các học viên có thể ứng dụng những kiến thức đã học để phát triển sự nghiệp trong tương lai."
67,"sinh viên bách khoa nhận học bổng ""chắp cánh ước mơ""","sáng 15/12 tại hội trường b4 trường đh bách khoa, 37 sinh viên đang học tập tại 06 trường đại học trên địa bàn tp. hcm, gồm: trường đại học bách khoa - đhqg-hcm; trường đại học tài nguyên và môi trường tp. hcm; trường đại học kiến trúc tp.hcm; trường đại học khoa học tự nhiên tp.hcm; trường đại học nông lâm tp.hcm và trường đại học sư phạm kỹ thuật tp. hcm đã được nhận học bổng chắp cánh ước mơ từ công ty tnhh đầu tư xây dựng và công nghệ môi trường dương nhật."
68,sinh viên bách khoa đề xuất giải pháp xanh hóa ngành dệt may,"chiều 10/12, tại hội trường b11, đã đã diễn ra vòng chung kết cuộc thi “xanh hoá ngành dệt may” với phần tranh tài vô cùng hấp dẫn của 15 đội là sinh viên bộ môn kỹ thuật dệt may (khoa cơ khí -trường đh bách khoa-đhqg-hcm)."
69,7 trường đại học kỹ thuật ký kết hợp tác trong lĩnh vực quốc tế hóa giáo dục,"sáng ngày 16/12/2022 tại đà lạt, nhóm g7 gồm 7 trường đại học kỹ thuật hàng đầu việt nam ký kết hợp tác trong lĩnh vực quốc tế hóa giáo dục với nội dung kiểm định quốc tế và bảo đảm chất lượng đáp ứng yêu cầu đào tạo tạo nhân lực chất lượng quốc tế. lễ ký kết có sự tham dự của pgs.ts nguyễn thu thủy - vụ trưởng vụ giáo dục đại học – bộ giáo dục và đào tạo."
70,"trường đh bách khoa họp mặt viên chức, người lao động đợt 2 năm 2022","sáng ngày 9/12, trường đh bách khoa-đhqg-hcm đã tổ chức buổi họp mặt thân mật và trao quyết định về việc nghỉ việc hưởng chế độ hưu trí đối với các viên chức, người lao động của trường đợt 2 năm 2022."
71,trường đh bách khoa ký kết hợp tác với trường đh waikato tại diễn đàn hợp tác giáo dục việt nam – new zealand,"sáng 5/12/2022 tại thành phố hamilton, trong chuyến thăm chính thức new zealand, chủ tịch quốc hội vương đình huệ và đoàn đại biểu cấp cao quốc hội việt nam đã tham dự diễn đàn hợp tác giáo dục việt nam – new zealand. pgs.ts vũ hải quân - gđ đhqg-hcm là thành viên chính thức của đoàn trong chuyến công tác này."
72,học bổng honeywell uop dành cho sinh viên khoa kỹ thuật hóa học,"sáng 5/12, đại diện tập đoàn honeywell uop đã đến thăm và trao tặng 4 suất học bổng cho các sinh viên ngành kỹ thuật chế biến dầu khí thuộc khoa kỹ thuật hóa học trường đh bách khoa. mỗi suất học bổng trị giá 500usd."
73,trường đh bách khoa ký kết hợp tác với các trường đh australia tại diễn đàn hợp tác giáo dục việt nam - australia,"sáng 2/12, trong chuyến thăm chính thức australia, chủ tịch quốc hội vương đình huệ và đoàn đại biểu cấp cao quốc hội việt nam đã tham dự diễn đàn hợp tác giáo dục việt nam-australia. pgs.ts vũ hải quân - gđ đhqg-hcm là thành viên chính thức của đoàn trong chuyến công tác này."
74,7 đội sinh viên bách khoa tranh tài tại bosch future mobility challenge,"sáng 2/12, bosch việt nam tổ chức buổi gặp gỡ giữa 11 đội thi xuất sắc bước vào vòng trong của cuộc thi ""bosch future mobility challenge"". tại đây, các bạn sinh viên đã nhận mẫu xe mô hình (tỉ lệ 1/10 so với xe thật) từ bosch, bắt đầu cho hành trình nghiên cứu nhằm đề xuất và sáng tạo các giải pháp cho xe hơi."
75,"chúc mừng 07 nhà giáo trường đh bách khoa được công nhận đạt tiêu chuẩn chức danh giáo sư, phó giáo sư năm 2022","mới đây, hội đồng giáo sư nhà nước đã ban hành quyết định công nhận đạt tiêu chuẩn chức danh cho 34 giáo sư và 349 phó giáo sư năm 2022. trong đó, trường đh bách khoa - đhqg-hcm có 01 tân giáo sư và 06 tân phó giáo sư đạt tiêu chuẩn, gồm:"
76,07 sinh viên trường đh bách khoa nhận học bổng pony chung,
77,đoàn đại sứ và doanh nghiệp thụy điển ươm mầm tinh thần “tiên phong đột phá” cho sinh viên bách khoa,"chiều 25/11/2022, đoàn đại sứ quán thụy điển tại việt nam do ông ola karlman, trưởng ban xúc tiến, kinh tế và chính trị, đại sứ quán thụy điển tại việt nam cùng lãnh đạo các doanh nghiệp thụy điển đã có buổi giao lưu tại trường đh bách khoa (đhqg-hcm) trong chương trình “tiên phong đột phá 2022” (pioneer the possible 2022) để chia sẻ về quá trình đổi mới sáng tạo, thúc đẩy phát triển bền vững của các doanh nghiệp thụy điển ngoài nước nói chung và tại việt nam nói riêng."
78,"hội nghị viên chức, người lao động trường đh bách khoa năm học 2022 - 2023","sáng ngày 29/11, trường đh bách khoa - đhqg-hcm tổ chức hội nghị viên chức, người lao động năm học 2021 – 2022. pgs.ts mai thanh phong - hiệu trưởng nhà trường; pgs.ts.lê thị hồng nhan - chủ tịch công đoàn trường chủ trì hội nghị."
79,thầy trò trường đh bách khoa - đhqg-hcm được vinh danh tại hai giải thưởng danh giá,"tối 27/11, lễ trao giải thưởng khoa học công nghệ quả cầu vàng và giải thưởng nữ sinh khoa học công nghệ việt nam đã diễn ra tại hà nội. chương trình do trung ương đoàn thanh niên cộng sản hồ chí minh phối hợp với bộ khoa học và công nghệ tổ chức."
80,hai dự án của sinh viên bách khoa đạt giải cao cuộc thi insee prize 2022,"tối 23/11, vòng chung kết, trao giải cuộc thi insee prize 2022 đã diễn ra tại tp.hcm. hai dự án của sinh viên trường đh bách khoa đã bản lĩnh vượt qua các đối thủ đến từ các trường đh khác để giành chiến thắng chung cuộc."
81,chủ tịch nước trao giải thưởng hồ chí minh cho giảng viên trường đh bách khoa-đhqg-hcm,"tối 23/11, tại nhà hát lớn hà nội, chủ tịch nước nguyễn xuân phúc đã trao giải thưởng hồ chí minh cho ngnd.gs.ts trần doãn sơn - giảng viên khoa cơ khí trường đh bách khoa-đhqg-hcm. giải thưởng do bộ khoa học và công nghệ chủ trì, tổ chức."
82,góc tin khởi nghiệp - đổi mới sáng tạo tháng 11/2022,"góc tin khởi nghiệp - đổi mới sáng tạo tháng 7 và 8/2022 với các hoạt động hỗ trợ cuộc thi bách khoa innovation 2022 và thông tin về các buổi hội thảo quan trọng các hoạt động hỗ trợ khởi nghiệp, ươm tạo doanh nghiệp."
83,sinh viên sáng tạo hệ thống logistics tối ưu hoá quy trình thu gom rác hữu cơ,"dự án “hệ thống logistics tối ưu cho tái chế hữu cơ” của nhóm sinh viên trường đại học bách khoa, đhqg-hcm nhằm giúp thu gom và phân bố rác hữu cơ từ các đơn vị vận chuyển, đơn vị thu gom, các tổ chức xử lý đến các hộ dân thông qua phần mềm."
84,tp.hcm thúc đẩy phát triển mô hình “đại học khởi nghiệp”,"nhiều thông tin, kinh nghiệm, kết quả nghiên cứu liên quan đến việc tìm kiếm và xây dựng mô hình “đại học khởi nghiệp” được các chuyên gia chia sẻ, đề xuất tại hội thảo “đại học khởi nghiệp - mô hình và giải pháp”."
85,gần 2.800 tân khoa nhận bằng tốt nghiệp đợt tháng 11/2022,"sáng ngày 18/11/2022, trường đh bách khoa - đhqg-hcm tổ chức lễ tốt nghiệp và trao bằng đợt tháng 11/2022. lễ tốt nghiệp diễn ra từ 18-20/11/2022, sau buổi lễ chính là chương trình lễ của các khoa, trung tâm. đợt này, trường đh bách khoa có gần 2.800 tân tiến sỹ, thạc sĩ, kỹ sư, kiến trúc sư, cử nhân. trong đó, có 27 tiến sĩ, 228 thạc sĩ và trên 2.500 tân kỹ sư, kiến trúc sư, cử nhân tốt nghiệp."
86,32 nữ sinh viên bách khoa xuất sắc nhận học bổng nữ sinh viên kỹ thuật amcham năm 2022,"mới đây, hiệp hội thương mại mỹ tại việt nam tổ chức lễ trao tặng học bổng nữ sinh viên kỹ thuật (women in engineering 2022 - acwes) cho các nữ sinh viên kỹ thuật có thành tích học tập và hoạt động xã hội nổi bật, xuất sắc vượt qua được tất cả các vòng tuyển chọn của chương trình vào ngày 11/11/2022 tại ks new word (q1, tp. hcm)."
87,trường đh bách khoa ký kết thỏa thuận hợp tác với trường đh auckland (new zealand),"ngày 15/11, tại bộ giáo dục và đào tạo (gdđt) tọa đàm “thúc đẩy hợp tác giáo dục giữa việt nam và new zealand trong bối cảnh mới” đã được diễn ra với sự tham dự của thứ trưởng nguyễn văn phúc và ông grant mcpherson - giám đốc điều hành cơ quan giáo dục new zealand."
88,chuỗi sự kiện của chương trình collaborative education program (cep) trong khuôn khổ dự án aun/seed-net,"vào ngày 10 và 11 tháng 11 năm 2022 vừa qua, chương trình cep đã tiếp đón và làm việc với đoàn công tác của dự án jica-aun/seed-net trong chuyến viếng thăm trường đại học bách khoa. cũng nhân dịp này, cep đã tổ chức một số hoạt động nằm trong kế hoạch thực hiện năm 2022:"
89,"hội thảo quốc tế về đẩy mạnh liên kết đại học – công nghiệp năm 2022, chủ đề: “quốc tế hóa giáo dục đại học”",sáng ngày 11/11/2022 tại ht b4 trường đh bách khoa đã diễn ra hội thảo quốc tế về liên kết đại học – công nghiệp năm 2022 với chủ đề “quốc tế hóa giáo dục đại học”. đây là sự kiện nằm trong chuỗi hoạt động kỷ niệm 65 năm thành lập trường.
90,trường đại học bách khoa - đhqg-hcm thông báo tổ chức lễ tốt nghiệp đợt tháng 11/2022,trường đại học bách khoa - đhqg-hcm thông báo tổ chức lễ tốt nghiệp đợt tháng 11/2022
91,20 sinh viên bách khoa nhận học bổng juki năm 2022,"sáng ngày 8/11/2022, đoàn công tác từ công ty tnhh juki việt nam đã đến thăm và làm việc với trường đh bách khoa tại phòng 103 a5."
92,chào mừng ngày pháp luật việt nam năm 2022 (09/11/2022),"cùng với việc xây dựng và hoàn thiện hệ thống pháp luật, công tác phổ biến, giáo dục pháp luật, đưa pháp luật vào cuộc sống cũng như việc nâng cao ý thức chấp hành pháp luật của mỗi cá nhân, cơ quan, đơn vị trong xã hội đã trở thành yêu cầu cấp thiết, đòi hỏi cần được thực hiện thường xuyên, liên tục và hiệu quả với nhiều hình thức triển khai phù hợp. ngày pháp luật việt nam do đó được ra đời như là một trong những hình thức cụ thể nhằm đáp ứng yêu cầu vô cùng thiết thực đó."
93,nữ sinh viên bách khoa đoạt giải thưởng nữ sinh khoa học công nghệ việt nam 2022,
94,hai nhà khoa học trường đh bách khoa đạt giải thưởng sáng tạo châu á của quỹ toàn cầu hitachi năm 2022,giải thưởng sáng tạo châu á của quỹ toàn cầu hitachi năm 2022  vừa chính thức thông báo các nhà khoa học khu vực asean đạt giải năm nay.
95,"máu cho người, nụ cười cho ta!","việc hiến máu chỉ vỏn vẹn vài phút đối với chúng ta nhưng lại là cả một cuộc đời đối với những người khác. nhận thức được tầm quan trọng của việc hiến máu cũng như mong muốn lan tỏa tinh thần tương thân tương ái, lá lành đùm lá rách, trường đh bách khoa-đhqg-hcm đã tổ chức chương trình hiến máu nhân đạo tại cơ sở dĩ an (1/11) và cơ sở lý thường kiệt (2/11)."
96,giảng viên khoa cơ khí đạt giải thưởng khoa học quả cầu vàng 2022,"ts. lê thanh long (34 tuổi, khoa cơ khí - trường đh bách khoa- đhqg-hcm) vừa được hội đồng xét chọn giải thưởng quả cầu vàng 2022 công bố là 1 trong 10 gương mặt nổi bật cho giải thưởng khoa học công nghệ ""quả cầu vàng 2022""."
97,chương trình mba-mci tổ chức lễ khai giảng khóa 2022,"vừa qua, tại hội trường b4 - trường đh bách khoa-đhqg-hcm, chương trình mba-mci đã tổ chức lễ khai giảng cho học viên khóa 2022-2024. buổi lễ khai giảng đánh dấu sự khởi đầu hành trình 2 năm của học viên với những bài học thú vị cùng chương trình mba-mci"
98,"hội nghị quốc tế về môi trường, khoa học trái đất và bền vững (ices) và hội thảo khoa học & chính sách thường niên lần thứ 7","sáng 24/10/2022, hội thảo quốc tế về môi trường, khoa học trái đất và bền vững (ices) và hội nghị khoa học & chính sách thường niên lần thứ 7 đã chính thức khai mạc tại trường đh bách khoa - đhqg-hcm."
99,trường đh bách khoa đăng cai hội nghị thường niên về khoa học thông tin và máy tính lần thứ 9 (nics 2022),"sáng nay 31/10/2022, hội nghị thường niên về khoa học thông tin và máy tính lần 9 (nics 2022) đã chính thức khai mạc tại trường đh bách khoa-đhqg-hcm. sự kiện nằm trong chuỗi hoạt động kỷ niệm 65 năm thành lập trường (1957-2022)."
100,chúc mừng đội tuyển trường đh bách khoa- đhqg-hcm đạt giải nhất toàn đoàn olympic vật lý sinh viên toàn quốc lần thứ 24 năm 2022,"ngày 26/10/2022 vừa qua, olympic vật lý sinh viên toàn quốc lần thứ 24 do bộ giáo dục và đào tạo tổ chức đã khai mạc tại trường đại học phenikaa (hà nội)."
101,hội nghị bàn tròn cấp hiệu trưởng và ký kết hợp tác đa phương với đh trent và học viện quốc tế về khoa học môi trường (canada),"chiều ngày 24/10/2022, hội nghị bàn tròn cấp hiệu trưởng đã diễn ra tại hội trường a4 với sự tham dự của lãnh đạo trường đh bách khoa, đh trent (canada) và học viện quốc tế về khoa học môi trường - iies (canada)."
102,họp mặt kỷ niệm 65 năm thành lập trường đh bách khoa - đhqg-hcm,"sáng ngày 27/10/2022 tại hội trường a5, trường đh bách khoa- đhqg-hcm đã long trọng tổ chức họp mặt kỷ niệm 65 năm thành lập trường."
103,“bách khoa hội tụ” - sự kiện tiếp nối hoạt động kỷ niệm 65 năm thành lập trường đh bách khoa - đhqg-hcm,"tối ngày 26/10/2022, chương trình “bách khoa hội tụ năm 2022” - sự kiện tiếp nối hoạt động kỷ niệm 65 năm thành lập trường đã được diễn ra tại khuôn viên trường."
104,khoa kỹ thuật xây dựng đánh dấu hành trình phát triển nhân dịp kỷ niệm 65 năm thành lập trường,"nằm trong khuôn khổ chuỗi sự kiện “65 năm, ngày trở về”, sáng 22/10/2022, khoa kỹ thuật xây dựng, trường đại học bách khoa-đhqg-hcm đã long trọng tổ chức lễ kỷ niệm 65 năm ngày thành lập trường (1957 - 2022)."
105,góc tin khởi nghiệp - đổi mới sáng tạo tháng 10/2022,"góc tin khởi nghiệp - đổi mới sáng tạo tháng 10/2022 có những thông tin hoạt động chính như: hội thảo “tổng kết hoạt động khởi nghiệp đổi mới sáng tạo trường đh bách khoa - đhqg-hcm năm 2022”, hội nghị chia sẻ kinh nghiệm tổ chức hoạt động đổi mới sáng tạo trong thanh niên, sinh viên."
106,hội thảo “tổng kết hoạt động khởi nghiệp đổi mới sáng tạo trường đh bách khoa - đhqg-hcm năm 2022”,"tuần lễ đổi mới sáng tạo và chuyển đổi số thành phố hồ chí minh năm 2022 với chủ đề “chuyển đổi số - động lực mới cho sự phát triển của thành phố”, thể hiện mong muốn của thành phố hồ chí minh trong việc thúc đẩy mạnh mẽ các hoạt động đổi mới sáng tạo đặc biệt trong lĩnh vực chuyển đổi số, là một trong các nhân tố quan trọng đóng góp vào sự phát triển chung của hệ sinh thái khởi nghiệp đổi mới sáng tạo việt nam. diễn ra từ ngày 08/10 đến ngày 14/10/2022 với khoảng 30 sự kiện, tuần lễ được kỳ vọng không chỉ mang đến thông điệp về vai trò của nhà nước về kiến tạo, mà còn phát huy mạnh mẽ hơn nữa vai trò định hướng, dẫn dắt, kết nối, hợp tác và chia sẻ trong hoạt động khởi nghiệp đổi mới sáng tạo của việt nam."
107,"hội nghị chia sẻ kinh nghiệm tổ chức hoạt động đổi mới sáng tạo trong thanh niên, sinh viên","“hội nghị chia sẻ kinh nghiệm tổ chức hoạt động đổi mới sáng tạo trong thanh niên, sinh viên” nằm trong chuỗi hoạt động của hội nghị đoàn thanh niên - hội sinh viên các đại học quốc gia, đại học vùng mở rộng năm 2022 được tổ chức vào ngày 09/9/2022 tại trường đại học bách khoa – đhqg-hcm nhằm mục đích tăng cường các hoạt động giao lưu, gắn kết, trao đổi kinh nghiệm và học tập giữa các đại học quốc gia và đại học vùng."
108,bk marathon 2022: cuộc đua bứt tốc của những “đôi chân sắt” bách khoa!,"đúng 5g00 sáng nay 23/10/2022, giải chạy bk marathon 2022 đã diễn ra với sự tham dự của hơn 3.000 vận động viên, chinh phục các cự ly 21km, 10km và 5km tại khu đô thị sala (số 10 mai chí thọ, phường thủ thiêm, tp. thủ đức, tp. hồ chí minh)."
109,vietcombank tặng xe 16 chỗ cho trường đh bách khoa nhân dịp kỷ niệm 65 năm thành lập trường,"sáng nay 21/10, ngân hàng tmcp ngoại thương việt nam (vietcombank) chi nhánh hùng vương đã trao tặng xe ô tô 16 chỗ ngồi trị giá gần 900 triệu đồng cho trường đh bách khoa-đhqg-hcm sử dụng trong công tác đưa đón cán bộ giảng viên, sinh viên phục vụ đào tạo, nghiên cứu khoa học."
110,evn tài trợ 50 suất học bổng/năm cho sinh viên bách khoa giai đoạn 2022-2025,"sáng 19/10 tại hà nội, tập đoàn điện lực việt nam (evn) đã tổ chức lễ ký kết biên bản thỏa thuận tài trợ học bổng evn giai đoạn 2022 - 2025 với trường đh bách khoa - đhqg-hcm. pgs.ts nguyễn danh thảo - phó hiệu trưởng đại diện nhà trường ký kết hợp tác."
111,vòng chung kết bk talent 2022: nhiều cung bậc cảm xúc trong một đêm trình diễn tài năng bách khoa!,tối 18/10/2022 tại hội trường a5 - trường đh bách khoa đã diễn ra đêm chung kết cuộc thi bk talent mùa đầu tiên năm 2022. cuộc thi nằm trong chuỗi hoạt động chào mừng 65 năm thành lập trường (1957-2022) do trường đh bách khoa và ban đại diện cộng đồng phú thọ - bách khoa (bka) phối hợp tổ chức.
112,"hội thảo quốc tế hóa giáo dục đại học thông qua kiểm định và công nhận chất lượng bởi các tổ chức kiểm định quốc tế uy tín asiin, aqas, fibaa, cti, hceres","hội thảo có sự tham dự của hơn 150 đại biểu đến từ các phòng, ban chức năng đhqg-hcm; lãnh đạo các trường đại học thành viên đhqg-hcm; các công ty, doanh nghiệp; lãnh đạo và cán bộ phụ trách công tác kiểm định của các trường đại học ở việt nam như: đh tài chính marketing, đh bách khoa hà nội, đh mỏ-địa chất hà nội, đh đà nẵng, đh nha trang, đh kinh tế tp.hcm, đh văn lang, đh fpt, đh hoa sen, đh ngoại ngữ - tin học tp.hcm, đh tài nguyên và môi trường tp.hcm, đh công nghiệp tp. hcm, đh quốc tế miền đông, đh bình dương, đh trà vinh, đh cần thơ…"
113,trường đh bách khoa chúc mừng ngày phụ nữ việt nam 20/10!,"trong không khí phấn khởi và tự hào phụ nữ cả nước kỷ niệm 92 năm ngày thành lập hội liên hiệp phụ nữ việt nam (20/10/1930 – 20/10/2022); sáng nay 17/10, nhân dịp buổi chào cờ đầu tuần, đảng ủy, ban giám hiệu và công đoàn trường đh bách khoa-đhqg-hcm đã tặng hoa và gửi những lời chúc tốt đẹp nhất đến nữ viên chức, người lao động của trường nhân ngày ngày phụ nữ việt nam 20/10."
114,"trường đh bách khoa tuyên dương 12 tập thể, 25 cá nhân đạt danh hiệu “dân vận khéo” năm 2022","chiều 13/10 tại hội trường a4, trường đh bách khoa- đhqg-hcm tổ chức hội nghị tuyên dương “dân vận khéo” năm 2022. hội nghị nằm trong hoạt động nhằm kỷ niệm 92 năm ngày công tác dân vận của đảng (15/10/1930-15/10/2022) và 41 năm thành lập ban dân vận thành ủy (27/11/1981 - 27/11/2022)."
115,"trường đh bách khoa-đhqg-hcm: phiên họp hội đồng trường lần thứ vi, nhiệm kỳ 2020 – 2025","ngày 8/10 tại cảng quốc tế long an, hội đồng trường - trường đh bách khoa-đhqg-hcm đã tổ chức phiên họp định kỳ lần thứ vi, nhiệm kỳ 2020 – 2025 do pgs.ts lê minh phương - bí thư đảng ủy, chủ tịch hội đồng trường chủ trì với sự tham gia của các thành viên hội đồng và các đại biểu khách mời."
116,trường đh bách khoa-đhqg-hcm ký kết hợp tác với công ty cổ phần đầu tư xây dựng bcons,"sáng nay 10/10/2022 tại ht a4, trường đh bách khoa-đhqg-hcm và công ty cổ phần đầu tư xây dựng bcons đã ký kết tài trợ hợp tác trong việc phát triển các hoạt động nghiên cứu và hỗ trợ sinh viên."
117,trường đh bách khoa-đhqg hcm khai giảng năm học 2022 – 2023,"sáng nay 9/10/2022, lễ khai giảng năm học 2022 - 2023 trường đh bách khoa – đhqg-hcm đã được diễn ra tại sân a5 với sự tham dự của lãnh đạo đhqg-hcm, ban giám hiệu nhà trường, ban đại diện cộng đồng cựu sinh viên phú thọ - bách khoa, đại diện lãnh đạo các trường đh, các cơ quan, doanh nghiệp, hội cựu sinh viên tài trợ học bổng cho sinh viên nhà trường, đại diện lãnh đạo các đơn vị, cán bộ, giảng viên và gần 5.000 tân sinh viên trường đh bách khoa."
118,"sinh viên bách khoa xuất sắc đạt 02 giải cao nhất cuộc thi ""đổi mới sáng tạo kỹ thuật eprojects""","chúc mừng đội logiot - trường đh bách khoa-đhqg-hcm với “hệ thống logistics tối ưu cho tái chế hữu cơ” đã có phần trình diễn xuất sắc và đem về hai trong ba giải thưởng cao nhất của cuộc thi dự án đổi mới sáng tạo kỹ thuật eprojects ngày 27/09/2022 vừa qua, gồm: giải pháp hiệu quả nhất và đội hoạt động nhóm hiệu quả nhất."
119,quán quân the future civil engineers 2022 tiếp tục gọi tên sinh viên trường đh bách khoa!,"hai năm liên tiếp 2021 và 2022, sinh viên trường đh bách khoa-đhqg-hcm đều xuất sắc đạt giải quán quân cuộc thi “the future civil engineers”."
120,khoa kỹ thuật xây dựng: các giải thể thao lớn chào mừng 65 năm thành lập trường,"hướng đến chào mừng kỷ niệm 65 năm thành lập trường đh bách khoa - đhqg-hcm (10/1957-10/2022), khoa kỹ thuật xây dựng và ban liên lạc cựu sinh viên khoa kỹ thuật xây dựng (công chánh phú thọ - xây dựng bách khoa - bkcons) tổ chức chuỗi hoạt động ý nghĩa với chủ đề: ""65 năm, ngày trở về""."
121,chào đón tân sinh viên khóa 2022 nhập học,"sáng nay 26/9/2022, trường đh bách khoa - đhqg-hcm tổ chức đón tiếp các tân sinh viên khóa 2022 đến làm thủ tục nhập học. niềm vui xen lẫn tự hào hiện rõ trên khuôn mặt của các em khi chính thức trở thành tân sinh viên của ngôi nhà chung trường đh bách khoa - đhqg-hcm! thời gian nhập học tại trường diễn ra từ ngày 26-30/9/2022."
122,"trường đh bách khoa ký kết mou với trường đại học california, riverside","sáng nay 26/09/2022, trường đh bách khoa – đhqg-hcm đã có buổi lễ ký kết thoả thuận hợp tác chung với trường đại học california, riverside. tại buổi lễ ký kết, pgs. ts. nguyễn danh thảo-phó hiệu trưởng nhà trường và ts. marko princevac-phó hiệu trưởng trường đại học california, riverside đã đại diện 2 trường ký kết thoả thuận chung."
123,đoàn công tác trường đh bách khoa tham gia chuỗi tập huấn và hội thảo về kỹ thuật nhân đạo tại hy lạp,"từ ngày 08/09 đến 20/09/2022, đoàn công tác của trường đại học bách khoa – đhqg-hcm do pgs.ts nguyễn danh thảo làm trưởng đoàn đã tham gia chuỗi tập huấn và hội thảo về kỹ thuật nhân đạo tại đại học west attica, hy lạp trong khuôn khổ dự án enhance do erasmus+ tài trợ."
124,"trường đh bách khoa: hội nghị đối thoại lãnh đạo trường với viên chức, người lao động","sáng 16/9/2022, trường đh bách khoa-đhqg-hcm tổ chức đối thoại giữa lãnh đạo trường gồm: chủ tịch hội đồng trường, ban giám hiệu, lãnh đạo đơn vị trực thuộc với toàn thể viên chức, người lao động đầu năm học 2022-2023. pgs.ts mai thanh phong– hiệu trưởng chủ trì đối thoại."
125,bk marathon 2022 chính thức diễn ra vào ngày 23/10/2022,"cuộc thi bk marathon 2022 sẽ chính thức diễn ra vào ngày 23/10/2022 tại khu đô thị sala, tp.thủ đức, tp.hcm với 3 nội dung bao gồm: 5km, 10 km và bán marathon (21km). đây là một trong những chương trình nằm trong chuỗi hoạt động hướng đến chào mừng 65 năm thành lập trường đh bách khoa - đhqg - hcm (10/1957-10/2022)."
126,bk talent 2022 - hoạt động hướng đến chào mừng 65 năm thành lập trường đh bách khoa,"nhân dịp chào mừng 65 năm thành lập (1957 - 2022), trường đh bách khoa – đhqg-hcm phối hợp với ban đại diện cộng đồng cựu sinh viên phú thọ - bách khoa (bka) cùng tổ chức cuộc thi tìm kiếm tài năng tại trường đại học bách khoa. thời gian diễn ra từ ngày 18/09/2022 - 18/10/2022 dành cho sinh viên, cựu sinh viên, giảng viên và viên chức, người lao động đang làm việc và học tập tại trường đh bách khoa."
127,trường đh bách khoa đến thăm và làm việc với lãnh đạo các công ty hệ sinh thái,"chiều 14/9/2022, đoàn công tác của trường đh bách khoa đã đến thăm, làm việc cũng như tham quan các công ty hệ sinh thái gồm: ricons, newtecons, bm windows, sol e&c, boho décor, d&b (phan đăng lưu, phú nhuận), các công trình xây dựng gồm dự án parkland và the nexus."
128,"28 suất học bổng tổng trị giá 330 triệu đồng cho học viên cao học, nghiên cứu sinh trường đh bách khoa","sáng 14/9, hội khuyến học thương gia đài loan tại việt nam đã trao 28 suất học bổng có tổng trị giá 330 triệu đồng cho học viên cao học, nghiên cứu sinh trường đh bách khoa. trong đó 23 suất cho học viên cao học và 5 suất cho nghiên cứu sinh."
129,trường đại học bách khoa - đhqg-hcm công bố điểm trúng tuyển phương thức xét tuyển tổng hợp năm 2022,trường đại học bách khoa công bố điểm trúng tuyển theo phương thức xét tuyển tổng hợp năm 2022.
130,nhóm g7 ký kết hợp tác đẩy mạnh khoa học công nghệ và đổi mới sáng tạo,"sáng ngày 9/9/2022 tại sapa - lào cai, bảy trường đh kỹ thuật hàng đầu việt nam gồm: trường đh bách khoa - đhqg-hcm, trường đh bách khoa hà nội, trường đh bách khoa -đh đà nẵng, trường đh giao thông vận tải, trường đh mỏ-địa chất, trường đh thủy lợi, trường đh xây dựng hà nội đã cùng nhau ký kết hợp tác về khoa học công nghệ và đổi mới sáng tạo."
131,logo kỷ niệm 65 năm thành lập trường đh bách khoa - đhqg-hcm,"nhằm tuyên truyền đợt hoạt động kỷ niệm 65 năm thành lập trường đh bách khoa - đhqg-hcm (10/1957 – 10/2022), ban giám hiệu thông báo đến các đơn vị về việc sử dụng logo tuyên truyền kỷ niệm 65 năm thành lập trường như sau:"
132,trường đh bách khoa- đhqg-hcm và trường đh daegu haany (hàn quốc) hợp tác trong lĩnh vực mỹ phẩm,"trong 2 ngày liên tục, 24 và 25/8/2022, trường đh bách khoa- đhqg-hcm và trường đh daegu haany đã có những có những buổi làm việc quan trọng nhằm đẩy nhanh tiến độ dự án lupic (cultivation and support project of leading universities for international cooperation) mà hai bên đang cùng nhau triển khai thực hiện."
133,trường đh bách khoa ký kết hợp tác với tập đoàn bin corporation,"sáng 25/8/2022, trường đh bách khoa - đhqg-hcm ký kết hợp tác với tập đoàn bin corporation trong các lĩnh vực định hướng hỗ trợ cho sinh viên học tập và nghiên cứu."
134,trường đh bách khoa ký kết triển khai chương trình lixil talent match với công ty lixil việt nam,"lễ ký kết thoả thuận hợp tác giữa trường đh bách khoa và công ty tnhh lixil việt nam, cùng phối hợp triển khai chương trình lixil talent match được diễn ra vào chiều ngày 24/8/2022 vừa qua."
135,chúc mừng sinh viên trường đh bách khoa đạt giải nhất chương trình maker to entrepreneur 2022,"nhóm sinh viên trường đh bách khoa- đhqg-hcm gồm các bạn: nguyễn long hoàng, lâm hiền xương, trần tường vy, phạm kim khánh, trịnh mai hoàng anh, phạm thanh thảo nguyên với sự hướng dẫn của pgs.ts phan thị mai hà đã xuất sắc giành giải nhất của chương trình maker to entrepreneur (mep) 2022 ."
136,lễ tổng kết chiến dịch mùa hè xanh 2022,"chiều tối ngày 28/07/2022, tại trường tiểu học tràm chim 1 thuộc thị trấn tràm chim, huyện tam nông, tỉnh đồng tháp đã diễn ra buổi lễ tổng kết chiến dịch tình nguyện mùa hè xanh 2022, đánh dấu sự khép lại 30 ngày xanh đầy ý nghĩa. buổi lễ hân hạnh đón tiếp các đại biểu đến từ thành đoàn - hội sinh viên văn phòng thành phố, đại học quốc gia tp.hcm, các đơn vị tài trợ, lãnh đạo trường đại học bách khoa - đhqg tp.hcm cùng ban chỉ huy chiến dịch và đặc biệt là 445 bạn chiến sĩ thường trực tại địa bàn đồng tháp."
137,góc tin khởi nghiệp - đổi mới sáng tạo tháng 7+8/2022,"góc tin khởi nghiệp - đổi mới sáng tạo tháng 7 và 8/2022 với các hoạt động hỗ trợ cuộc thi bách khoa innovation 2022 và thông tin về các buổi hội thảo quan trọng các hoạt động hỗ trợ khởi nghiệp, ươm tạo doanh nghiệp."
138,"hội thảo “thúc đẩy hoạt động hỗ trợ khởi nghiệp, ươm tạo doanh nghiệp của tp. hồ chí minh giai đoạn 2022-2023”","chiều ngày 19/8/2022, hội thảo “thúc đẩy hoạt động hỗ trợ khởi nghiệp, ươm tạo doanh nghiệp của tp. hồ chí minh giai đoạn 2022-2023” đã diễn ra với sự tham dự của đại diện sở khoa học & công nghệ tp. hồ chí minh cùng các thành viên thuộc mạng lưới cơ sở ươm tạo tp. hồ chí minh (hin). sự kiện được tổ chức bởi trung tâm ươm tạo doanh nghiệp công nghệ - trường đại học bách khoa."
139,"hội thảo “thực trạng cơ chế, chính sách và giải pháp tạo động lực thương mại hóa kết quả nghiên cứu hình thành từ ngân sách nhà nước”","sáng ngày 19/8/2022, hội thảo “thực trạng cơ chế, chính sách và giải pháp tạo động lực thương mại hóa kết quả nghiên cứu hình thành từ ngân sách nhà nước” đã diễn ra tại trường đại học bách khoa với sự tham dự của đại diện sở khoa học & công nghệ tp. hồ chí minh, viện công nghệ nano, trung tâm nghiên cứu và phát triển nông nghiệp công nghệ cao, cùng các thầy cô giảng viên ở các khoa và các doanh nghiệp khởi nghiệp có quan tâm. sự kiện được phòng khoa học công nghệ - dự án và trung tâm ươm tạo doanh nghiệp công nghệ - trường đại học bách khoa phối hợp tổ chức."
140,nhật ký cuộc thi bách khoa innovation tháng 7-8/2022,"cuộc thi khởi nghiệp đổi mới sáng tạo bach khoa innovation 2022 (bki2022) với mục tiêu “hội nhập – sáng tạo – khởi nghiệp” đã được khởi động từ tháng 03/2022 tại trường đại học bách khoa tp. hcm và đã kết thúc vào tháng 08/2022. cuộc thi có sự kết hợp giữa khoa học công nghệ với các mô hình kinh doanh thực tiễn giúp sinh viên phát huy khả năng, kiến thức đã học vào thực tế, từ đó khơi dậy niềm đam mê sáng tạo của bản thân. ở chặn đường cuối này, các nhóm dự thi được hỗ trợ thêm kiến thức thực tiễn, kỹ năng và cơ hội được gặp gỡ, chia sẻ với các thầy cô, bạn bè trong và ngoài trường, các anh chị doanh nghiệp thành công, doanh nghiệp khởi nghiệp đang được ươm tạo."
141,nhóm pantasia đạt giải quán quân bách khoa innovation 2022,"nhóm pantasia gồm 4 thành viên là sinh viên của trường đh bách khoa đã xuất sắc đạt giải quán quân bách khoa innovation 2022 vừa diễn ra sáng nay 14/8/2022 tại trường đh bách khoa với đề tài ""bánh castella cao cấp giàu chất xơ"""
142,khai mạc hội thao cán bộ viên chức trường đh bách khoa năm 2022,"chào mừng kỷ niệm 65 năm thành lập trường (1957-2022), trường đh bách khoa tổ chức hội thao cb-vc trường đh bách khoa năm 2022."
143,"3 trường đh bách khoa cho phép sinh viên được học tập, nghiên cứu trong khối 3 trường",
144,bách khoa thắng lớn tại tech plan demo day việt nam 2022,"mới đây, tại vòng chung kết tech plan demo việt nam 2022, nhóm bkteng thuộc khoa công nghệ vật liệu trường đại học bách khoa - đhqg - hcm gồm các nghiên cứu sinh, sinh viên trường đh  bách khoa: châu ngọc mai, lê thị thu hà, nguyễn hoàng gia huy, lâm hoàng vĩnh khang, nguyễn thúy an, trần phương mai, đinh mạnh tuấn, nguyễn quang bình với sự hướng dẫn của ts. bùi văn tiến  đã xuất sắc vượt qua 9 đối thủ để giành chiến thắng chung cuộc với dự án sử dụng rác thải nhựa để tạo ra năng lượng điện."
145,dự án desl phát chứng nhận hoàn thành môn học cho sinh viên,"vào ngày 21/07/2022, tại trường đh bách khoa – đhqg hcm đã diễn ra lễ phát chứng nhận hoàn thành các môn học cho sinh viên trong khuôn khổ dự án erasmus+ desl. sau gần 3 năm triển khai dự án tại trường, tuy việc dạy và học gặp nhiều khó khăn trong thời gian đối phó với dịch covid-19 nhưng thầy và trò trường đh bách khoa đã nỗ lực không ngừng để hoàn thành 3 môn học theo đúng lịch trình dự án gồm có: (1) môn nhập môn chiếu sáng (light and experience); (2) môn kỹ thuật chiếu sáng (lighting technology) và (3) môn  chiếu sáng thông minh (smart lighting)."
146,"trường đh bách khoa có thêm nhiều ngành đạt chuẩn kiểm định cti, fibaa, asiin","cụ thể, 8 chuyên ngành kỹ sư chất lượng cao việt-pháp được ủy ban bằng kỹ sư cộng hòa pháp (cti) và mạng lưới kiểm định châu âu các chương trình đào tạo kỹ sư (enaee) đánh giá trực tuyến từ 16/03/2022 - 18/03/2022 gồm 07 ngành tái kiểm định (ngành kỹ thuật cơ khí – chuyên ngành cơ điện tử; ngành kỹ thuật cơ khí – chuyên ngành kỹ thuật hàng không; ngành kỹ thuật cơ khí – chuyên ngành vật liệu năng lượng; ngành kỹ thuật cơ khí – chuyên ngành vật liệu polymer và composite; ngành kỹ thuật điện – chuyên ngành viễn thông; ngành kỹ thuật điện – chuyên ngành hệ thống năng lượng; ngành kỹ thuật xây dựng – chuyên ngành công trình dân dụng – công nghiệp và hiệu quả năng và 01 ngành kiểm định mới ngành kỹ thuật xây dựng – chuyên ngành kỹ thuật và quản lý nước đô thị."
147,hội thảo tập huấn chủ đề “university internationalization initiative ” của dự án build-it năm 2022,"sáng ngày 19/07/2022, dự án build-it đã khai mạc hội thảo tập huấn giảng viên trong nước năm 2022 với chủ đề “university internationalization initiative” tại resort seava hồ tràm."
148,trường đh bách khoa tiếp tổng cục phòng chống thiên tai,"sáng ngày 14/7, trường đh bách khoa đã có buổi đón tiếp đoàn công tác đến từ cục phòng chống thiên tai (bộ nông nghiệp và phát triển nông thôn) do ts. trần quang hoài - phó trưởng ban chỉ đạo quốc gia về phòng chống thiên tai - tổng cục trưởng làm trưởng đoàn."
149,họp mặt viên chức nghỉ hưu đợt 1 năm 2022,"chiều nay 14/7/2022, trường đh bách khoa đã tổ chức buổi họp mặt viên chức nghỉ hưu đợt 1 năm 2022 nhằm tri ân những đóng góp to lớn các viên chức đối với sự nghiệp xây dựng và phát triển của nhà trường."
150,sinh viên bách khoa đạt 51 giải tại kỳ thi olympic các môn cơ học toàn quốc năm 2022,"sáng ngày 9/7, tại trường đh giao thông vận tải, bộ gd&đt, liên hiệp các hội khkt việt nam phối hợp với hội cơ học việt nam và hội sinh viên việt nam đã tổ chức lễ trao giải cuộc thi olympic cơ học toàn quốc lần thứ 32 năm 2022."
151,trường đại học bách khoa xây dựng “eco-campus”,"vào ngày 8/7/2022, trong khuôn khổ dự án erasmus+ greenus, đại diện của trường đh sapienza (sapienza university of rome), ý và trường đh jagiellonian (jagiellonian university in krakow), ba lan đã đến làm việc với trường đh bách khoa về dự án thí điểm eco-campus."
152,lễ khánh thành phòng chuyên đề tại khoa kỹ thuật xây dựng,"chiều ngày 30/06/2022, khoa kỹ thuật xây dựng trường đh bách khoa đã tổ chức lễ khánh thành phòng chuyên đề tại nhà b6."
153,"diễn đàn nghiên cứu, thiết kế, chế tạo và sản xuất các thiết bị điện tử, công nghệ thông tin và viễn thông 5g ""make in viet nam""","sáng ngày 5/7/2022, pgs.ts nguyễn danh thảo - phó hiệu trưởng trường đh bách khoa-đhqg-hcm đã tham dự hội thảo nghiên cứu, thiết kế, chế tạo và sản xuất các thiết bị điện tử, cntt và viễn thông “make in viet nam”. diễn đàn do công ty cp điện quang phối hợp cùng công ty cp công nghệ xelex tổ chức."
154,cựu sinh viên khoa cơ khí: kết nối để đẩy mạnh phát triển,"sáng 30/6/2022, khoa cơ khí trường đh bách khoa đã tổ chức lễ tiếp nhận tài trợ thiết bị dụng cụ từ công ty tnhh csps việt nam do ông trần thanh chung làm giám đốc. ông chung là cựu sinh viên khoa cơ khí khóa 2002."
155,lễ ký kết thỏa thuận hợp tác với công ty japan create (nhật bản),"chiều 29/6/2022, lễ ký kết thỏa thuận hợp tác triển khai kỳ 5 và 6, chương trình kỹ sư việt – nhật đã diễn ra tại phòng 205 a1."
156,gần 1.000 chiến sĩ tình nguyện trường đh bách khoa ra quân chiến dịch mùa hè xanh,"sau 2 năm gián đoạn vì dịch covid-19, gần 1.000 chiến sĩ tình nguyện trường đh bách khoa-đhqg-hcm đã bước vào chiến dịch mùa hè xanh vào sáng 28/6/2022. năm nay, các chiến sĩ sẽ đóng quân tại các mặt trận tam nông (đồng tháp), tp. hcm, đảo phú quý (bình thuận) và nước chdcnd lào."
157,diễn đàn hợp tác giáo dục việt nam - vương quốc anh,"sáng 30/6 (giờ địa phương), tại thủ đô london, trong khuôn khổ chuyến thăm và làm việc của đoàn đại biểu cấp cao quốc hội việt nam tới vương quốc anh và bắc ireland, chủ tịch quốc hội vương đình huệ đã dự diễn đàn hợp tác giáo dục việt nam - vương quốc anh. cùng dự có phó thủ tướng chính phủ lê văn thành, phó chủ tịch hạ viện liên hiệp vương quốc anh và bắc ireland steve smith, đặc phái viên của thủ tướng anh về giáo dục quốc tế và đoàn đại biểu cấp cao quốc hội việt nam, đại diện các trường đại học hàng đầu của việt nam cũng như của liên hiệp vương quốc anh và bắc ireland."
158,hiệu trưởng trường đh bách khoa-đhqg-hcm tham dự diễn đàn hợp tác giáo dục việt nam - hungary,"trong khuôn khổ chuyến thăm chính thức hungary, chiều 27/6 (theo giờ địa phương) tại thủ đô budapest, chủ tịch quốc hội vương đình huệ đã tham dự diễn đàn hợp tác giáo dục việt nam - hungary."
159,trường đại học bách khoa - đhqg - hcm công bố kết quả xét tuyển theo phương thức ưu tiên xét tuyển và ưu tiên xét tuyển thẳng (dự kiến),trường đại học bách khoa - đhqg - hcm công bố kết quả xét tuyển theo phương thức ưu tiên xét tuyển và ưu tiên xét tuyển thẳng (dự kiến)
160,sôi nổi ngày hội gia đình bách khoa 2022,"nhiều hoạt động vui chơi, trải nghiệm thú vị dành cho các gia đình cán bộ viên chức, người lao động trường đh bách khoa sáng nay 28/6/2022."
161,"đại hội chi hội nữ trí thức bách khoa lần thứ iii, nhiệm kỳ 2021-2026","sáng ngày 24/06/2022, đại hội chi hội nữ trí thức bách khoa (nttbk) lần thứ iii đã diễn ra tại hội trường a4. đây là sự kiện quan trọng đánh giá kết quả hoạt động nhiệm kỳ ii (2016-2021) và đưa ra phương hướng hoạt động nhiệm kỳ iii (2021-2026)."
162,hội nghị sinh viên toàn trường năm học 2021-2022,"trong hai ngày 3/6/2022 tại cs lý thường kiệt và ngày 6/6/2022 tại cs dĩ an, trường đh bách khoa đã tổ chức “hội nghị sinh viên năm học 2021-2022” nhằm đánh giá, tổng kết những thuận lợi, khó khăn, kết quả đạt được trong công tác đào tạo, công tác sinh viên năm học 2020-2021 và các nhiệm vụ trọng tâm, các giải pháp đổi mới đang triển khai thực hiện trong năm học 2021-2022; kênh đối thoại trực tiếp để lắng nghe các ý kiến phản hồi của sinh viên, tiếp tục trao đổi, giải đáp các thắc mắc, kiến nghị của sinh viên."
163,giới thiệu thông tin khóa quản lý chất thải theo chuẩn châu âu tại trường đh bách khoa,"chiều 23/06/2022, tại phòng học số 107a5 trường đh bách khoa đã diễn ra buổi giới thiệu thông tin “info-day” về khóa học quản lý chất thải theo chuẩn châu âu tại trường đh bách khoa, thu hút nhiều sinh viên quan tâm tham dự."
164,góc tin khởi nghiệp - đổi mới sáng tạo tháng 6 /2022,góc tin khởi nghiệp - đổi mới sáng tạo tháng 6/2022 với các hoạt động hỗ trợ cuộc thi bách khoa innovation 2022 và thông tin tuyển sinh tuyển sinh khóa học leading in the new normal.
165,khóa học leading in the new normal,trường đại học bách khoa – đhqg-hcm liên kết với trường đại học khoa học ứng dụng tây bắc thụy sĩ tổ chức chương trình đào tạo thạc sĩ quản trị kinh doanh chuyên ngành tư vấn quản trị - khởi nghiệp - đổi mới sáng tạo do thụy sĩ cấp bằng (mba-mci)
166,nhật ký cuộc thi bách khoa innovation – tháng 6.2022,"bach khoa innovation 2022 – bki 2022 là một trong những sự kiện có quy mô lớn tại trường đại học bách khoa trong năm 2022, khuyến khích sinh viên đăng ký tham gia để gặt hái thêm kinh nghiệm, tích lũy thêm các kiến thức bổ ích về nckh đmst."
167,thông tin hợp tác tháng 6 năm 2022,"trong tháng 6 năm 2022, trường đh bách khoa đã tiếp các đối tác và ký kết các thỏa thuận hợp tác quan trọng nhằm phát triển và thúc đẩy hợp tác trong các dự án kỹ thuật, nghiên cứu khoa học, giáo dục đào tạo..."
168,hai thiết bị mobile mapping hiện đại nhất thế giới chạy thử nghiệm tại trường đh bách khoa,"leica pegasus trk700 neo (thụy sỹ) và trimble mx 50 (mỹ) lần đầu tiên có mặt tại việt nam và hoạt động cùng 1 địa điểm, tại khuôn viên trường đh bách khoa, sáng 22/6/2022. sự kiện được tổ chức phối hợp giữa trường đh bách khoa-đhqg-hcm và công ty cp tư vấn thiết kế cảng - kỹ thuật biển (portcoast)."
169,38 sinh viên bách khoa nhận học bổng bumi armada berhad,sáng nay 22/6/2022 tại ht4 đã diễn ra lễ trao học bổng bumi armada berhad cho 38 sinh viên trường đh bách khoa với trị giá 250 usd/suất.
170,6 trường đh hợp tác nhằm thúc đẩy vai trò lãnh đạo của đại học trong thế kỷ 21,"trong hai ngày 17 và 18/6/2022 tại hà nội, đã diễn ra “hội nghị quốc tế thường niên về đổi mới dạy và học” lần i, tập trung vào đổi mới sáng tạo trong dạy và học với mục tiêu tái định vị vai trò của giáo dục đại học trong thế kỷ 21."
171,"hội nghị đảng viên 6 tháng đầu năm và học tập, quán triệt các văn kiện hội nghị tw 4 (khóa xiii), chuyên đề năm 2022 về thực hiện chỉ thị 05-ct/tw","sáng 16/6 tại ht a5, đảng ủy trường đh bách khoa-đhqg-hcm đã tổ chức hội nghị đảng viên 6 tháng đầu năm và học tập, quán triệt các văn kiện hội nghị tw 4 (khóa xiii), chuyên đề năm 2022 về thực hiện chỉ thị 05-ct/tw cho toàn thể đảng viên và cán bộ viên chức, người lao động của trường."
172,trường đh bách khoa làm việc với đoàn công tác tổng hội xây dựng việt nam,"trong buổi làm việc với lãnh đạo nhà trường, chủ tịch tổng hội xây dựng việt nam ts. đặng việt dũng bày tỏ mong muốn hợp tác toàn diện với trường đại học bách khoa (đại học quốc gia tp. hồ chí minh) trong việc phát triển ở các lĩnh vực như xây dựng, kiến trúc…"
173,lễ khởi công xây dựng hội trường c5 trường đh bách khoa,"sáng ngày 11/6/2022, tại khoa kt giao thông, trường bách khoa-đhqg-hcm đã tổ chức lễ khởi công xây dựng hội trường c5 - công trình chào mừng kỷ niệm 65 năm thành lập trường (1957-2022) do cộng đồng cựu sinh viên tài trợ."
174,trường đh bách khoa ký kết hợp tác với công ty cổ phần tập đoàn xây dựng hòa bình,"sáng nay 13/6/2022, tại hội trường b4, trường đh bách khoa-đhqg-hcm ký kết hợp tác với công ty cổ phần tập đoàn xây dựng hòa bình cùng phối hợp triển khai các hợp tác với định hướng hỗ trợ sinh viên học tập và nghiên cứu."
175,tập đoàn bin corporation đến trường đh bách khoa tìm kiếm cơ hội hợp tác,"sáng ngày 7/6/2022, tổng giám đốc bin corporation group - ông lê hùng anh và các cộng sự đã đến thăm và làm việc với trường đh bách khoa-đhqg-hcm nhằm tìm kiếm cơ hội hợp tác. tiếp đoàn có pgs.ts trần thiên phúc - phó hiệu trưởng và đại diện lãnh đạo các khoa, phòng, trung tâm liên quan."
176,khoa cơ khí tổ chức sự kiện gặp gỡ tân kỹ sư và doanh nghiệp 2022,"sáng 04/6/2022, khoa cơ khí đã tổ chức sự kiện gặp gỡ tân kỹ sư và doanh nghiệp 2022 tại sân b11."
177,trưởng ban tuyên giáo tw nguyễn trọng nghĩa đến thăm và làm việc với trường đh bách khoa-đhqg-hcm,"đồng chí nguyễn trọng nghĩa, bí thư trung ương đảng, trưởng ban tuyên giáo trung ương, đã đến thăm và làm việc với trường đh bách khoa - đhqg-hcm vào sáng 3/6/2022."
178,"tọa đàm: trải nghiệm kiểm định theo các bộ tiêu chuẩn aqas, asiin, fibaa","trong bối cảnh hội nhập quốc tế và tự chủ đại học hiện nay, công tác kiểm định chất lượng giáo dục đào tạo đặc biệt là công tác kiểm định quốc tế đang được quan tâm hơn bao giờ hết. thực hiện kiểm định không chỉ giúp các cơ sở giáo dục đại học có cơ sở khách quan để cải tiến liên tục chất lượng đào tạo của bản thân nhà trường mà còn góp phần giúp cơ sở giáo dục đại học minh chứng, giải trình về chất lượng của nhà trường với xã hội và các bên liên quan."
179,hai công ty xây dựng lớn của vn đến trường đh bách khoa ký kết hợp tác nhằm hỗ trợ sinh viên học tập và nghiên cứu,"sáng nay 25/5/2022, tại hội trường b4, trường đh bách khoa đã ký kết thỏa thuận hợp tác với 02 công ty xây dựng lớn của vn, gồm: công ty cổ phần đầu tư xây dựng newtecons và công ty cổ phần đầu tư xây dựng sol e&c."
180,góc tin khởi nghiệp - đổi mới sáng tạo tháng 5/2022,góc tin khởi nghiệp - đổi mới sáng tạo tháng 5/2022 với các hoạt động hỗ trợ cuộc thi bách khoa innovation 2022 và hoạt động hỗ trợ doanh nghiệp từ trung tâm ươm tạo doanh nghiệp công nghệ thành công.
181,nhật ký cuộc thi bách khoa innovation – tháng 5.2022,"bach khoa innovation 2022 – bki2022 là một trong những sự kiện có quy mô lớn tại trường đại học bách khoa trong năm 2022, khuyến khích sinh viên đăng ký tham gia để gặt hái thêm kinh nghiệm, tích lũy thêm các kiến thức bổ ích về nckh đmst."
182,“blockbox – giải pháp nâng cao nơi ở cho người lao động” dự án khởi nghiệp ươm mầm từ trung tâm ươm tạo doanh nghiệp công nghệ,"theo đề án “xây dựng chương trình phát triển nhà ở tại tp. hồ chí minh giai đoạn 2021-2030”, hiện nay chỉ có 20% người lao động đủ khả năng mua nhà ở thương mại phân khúc trung cấp trở lên; 40% người lao động chỉ đủ khả năng mua nhà ở thương mại giá thấp, 40% còn lại không đủ khả năng mua nhà để ở. mặc dù thành phố đã ban hành một số chính sách ưu đãi, hỗ trợ nhưng thị trường chỉ đáp ứng được một lượng nhà ở không đáng kể so với nhu cầu thực tế của người lao động."
183,bà tredene dobson - đại sứ new zealand tại việt nam thăm trường đh bách khoa và trò chuyện với sinh viên,"ngày 24/5/2022, đại sứ new zealand tại việt nam - bà tredene dobson đã đến thăm trường đh bách khoa nhằm củng cố và tăng cường mối quan hệ hợp tác giữa nhà trường với các đối tác new zealand và trò chuyện với sinh viên nhà trường. tháp tùng bà đại sứ có bà bành phạm ngọc vân - giám đốc thị trường việt nam, cơ quan giáo dục new zealand (enz); ông đặng trần duy quân - quản lý khu vực đông nam á, đại học auckland; bà nguyễn thu thủy- cố vấn chính sách, đại sứ quán new zealand tại hà nội; bà nguyễn ngọc trâm- cố vấn truyền thông & quan hệ công chúng, đại sứ quán new zealand tại hà nội; bà ngô thanh tâm- quản lý chương trình, enz."
184,nghiên cứu dự báo covid-19 bằng ai của sinh viên bách khoa công bố quốc tế trên tạp chí q1,bài báo có tựa đề: becaked - an explainable artificial intelligence model for covid-19 forecasting (becaked - mô hình trí tuệ nhân tạo với khả năng tự giải thích để dự báo covid-19) vừa được chấp thuận đăng trên tạp chí scientific reports được xếp loại q1 của nhà xuất bản springer nature.
185,"cuộc thi sáng kiến khoa học 2022: giảng viên, sinh viên bách khoa đạt 01 giải ba, 01 giải khuyến khích",sáng 17/5/2022 tại hà nội đã diễn ra vòng chung kết cuộc thi sáng kiến khoa học 2022 do báo vnexpress tổ chức.
186,phó thủ tướng vũ đức đam trao tặng giải thưởng tạ quang bửu năm 2022 cho giảng viên trường đh bách khoa,"sáng nay 18/5, tại hà nội, pgs.ts nguyễn thị lệ thu - giảng viên khoa công nghệ vật liệu - trường đh bách khoa-đhqg-hcm vừa được phó thủ tướng vũ đức đam trao tặng giải thưởng tạ quang bửu năm 2022."
187,đảng ủy trường đh bách khoa trao huy hiệu 60 năm tuổi đảng cho đảng viên lão thành,"chiều 19/5/2022, nhân dịp kỷ niệm 132 năm ngày sinh chủ tịch hồ chí minh (19-5-1890 - 19-5-2022), bí thư đảng ủy trường đh bách khoa - đhqg-hcm lê minh phương đã dẫn đoàn công tác đến nhà riêng để trao huy hiệu 60 năm tuổi đảng cho pgs.ts trần minh thái - giảng viên khoa khoa học ứng dụng."
188,"lễ vinh danh và bổ nhiệm giáo sư, phó giáo sư 2021","chiều 18/5/2022, tại hội trường b4, trường đh bách khoa-đhqg-hcm đã long trọng tổ chức lễ vinh danh và bổ nhiệm giáo sư, phó giáo sư 2021."
189,trường đh bách khoa và dow việt nam thắt chặt mối quan hệ giữa trường đại học và doanh nghiệp,"ngày 12/5/2022, tại hội trường a4 đã diễn ra lễ ký kết thỏa thuận hợp tác giữa trường đh bách khoa-đhqg-hcm và công ty tnhh dow chemical việt nam (dow việt nam)."
190,sinh viên bách khoa đạt giải nhì dự án “âm nhạc hạnh phúc” 2022,"dự án ""âm nhạc hanh phúc"" là chương trình thuộc khuôn khổ acecook happiness concert - do công ty acecook việt nam tổ chức nhằm hỗ trợ hiện thực hoá các dự án âm nhạc cộng đồng, góp phần lan toả niềm vui và giá trị nhân văn cao đẹp thông qua âm nhạc."
191,lần thứ 2 giải thưởng tạ quang bửu vinh danh các nhà khoa học trường đh bách khoa,nữ giảng viên khoa công nghệ vật liệu trường đh bách khoa - đhqg-hcm - pgs.ts nguyễn thị lệ thu vừa được bộ trưởng bộ khoa học và công nghệ huỳnh thành đạt ký quyết định trao tặng giải thưởng tạ quang bửu năm 2022 ngày 9/5/2022. cô nguyễn thị lệ thu là một trong hai nhà khoa học trên cả nước được nhận giải thưởng này năm nay.
192,"hội đồng trường trường đh bách khoa, họp phiên họp lần thứ v, nhiệm kỳ 2020 – 2025","ngày 6/5/2022, hội đồng trường trường đại học bách khoa-đhqg-hcm đã tổ chức phiên họp định kỳ lần thứ v, nhiệm kỳ 2020 – 2025. pgs.ts lê minh phương - bí thư đảng ủy, chủ tịch hội đồng trường chủ trì phiên họp."
193,"tti việt nam đến trường đh bách khoa tìm hiểu, tuyển dụng nhân sự","công ty techtronic industries việt nam manufacturing (tti) đã đến trường đh bách khoa- đhqg-hcm tìm hiểu, tuyển dụng nhân sự qua hội thảo sáng nay 6/5/2022."
194,"đại học jade, đức đến trường đh bách khoa tìm kiếm cơ hội hợp tác",
195,hai ngành kỹ thuật ô tô & kỹ thuật dầu khí chính thức nhận giấy chứng nhận kiểm định aun-qa,"sáng nay 5/5/2022, trước cuộc họp giao ban toàn trường, pgs.ts mai thanh phong - hiệu trưởng đã trao giấy chứng nhận kiểm định aun-qa cho đại diện 2 chương trình đào tạo: kỹ thuật ô tô (khoa kỹ thuật giao thông) & kỹ thuật dầu khí (khoa kỹ thuật địa chất & dầu khí)."
196,festival kiến trúc toàn quốc 2022: sinh viên bách khoa đạt 15 giải chuyên môn,festival kiến trúc toàn quốc 2022 diễn ra từ ngày 19 đến 24/4/2022 tại trường đh xây dựng miền trung (muce) thuộc tp. tuy hòa tỉnh phú yên. festival quy tụ hơn 600 sinh viên từ 24 cơ sở đào tạo kiến trúc tại việt nam.
197,khánh thành phòng thí nghiệm ô tô bosch tại trường đh bách khoa,"ngày 21/04/2022, trường đại học bách khoa - đhqg-hcm và công ty bosch việt nam tổ chức lễ khánh thành phòng thí nghiệm ô tô bosch tại xưởng c3 của trường."
198,góc tin khởi nghiệp - đổi mới sáng tạo tháng 4/2022,"góc tin khởi nghiệp - đổi mới sáng tạo tháng 4/2022 với các hoạt động hỗ trợ cuộc thi bách khoa innovation 2022, nhóm sinh viên trường đh bách khoa đại diện việt nam tham dự vòng bán kết thế giới l’oréal brandstorm 2022. ngoài ra, tháng 4/2022 cũng diễn ra vòng chung kết cuộc thi robot toàn năng merc 2022."
199,vòng chung kết cuộc thi robot toàn năng merc 2022,"“65 thước - 1 bước chạy” là chủ đề cho cuộc thi robot toàn năng năm 2022 nhằm kỷ niệm 65 năm thành lập trường, theo đó là mong muốn thông qua cuộc thi để nâng cao ý thức thể thao và sức khỏe tinh thần của sinh viên tại trường đh bách khoa – đhqg hcm."
200,cuộc thi bách khoa innovation – nhật ký tháng 4/2022,"bach khoa innovation 2022 – bki2022 là một trong những sự kiện có quy mô lớn tại trường đại học bách khoa trong năm 2022, khuyến khích sinh viên đăng ký tham gia để gặt hái thêm kinh nghiệm, tích lũy thêm các kiến thức bổ ích về nghiên cứu khoa học, đổi mới sáng tạo."
201,trường đh bách khoa và ricons ký kết thỏa thuận hợp tác,"sáng nay 26/4/2022, trường đh bách khoa - đhqg-hcm và công ty cổ phần tập đoàn đầu tư xây dựng ricons (ricons) đã ký kết thỏa thuận hợp tác tại hội trường a4 của trường."
202,chúc mừng sinh viên bách khoa đại diện việt nam tham dự vòng bán kết thế giới l’oréal brandstorm 2022,"đội ganiegg, gồm ba sinh viên năm cuối khoa kỹ thuật hóa học trường đh bách khoa: lê ngọc anh, nguyễn hoàng huy, nguyễn vũ như quỳnh đã xuất sắc là một trong 3 đội đại diện việt nam tham dự vòng bán kết thế giới l’oréal brandstorm 2022"
203,trường đh bách khoa tổ chức tuần lễ tốt nghiệp cho sinh viên,"sáng nay 22/4/2022, trường đh bách khoa - đhqg-hcm tổ chức lễ tốt nghiệp và trao bằng tốt nghiệp các tân tiến sĩ, thạc sĩ, kỹ sư, cử nhân, kiến trúc sư tốt nghiệp đợt tháng 4/2022."
204,"cựu sinh viên tài trợ trường đh bách khoa sửa chữa, cải tạo xưởng c1","sáng nay 21/4/2022, tại khoa cơ khí đã diễn ra lễ khởi công sơn mới và cải tạo hệ thống chiếu sáng xưởng c1. đây là công trình do cộng đồng cựu sinh viên kỹ sư công nghệ - cơ khí bách khoa tài trợ nhà trường nhân dịp kỷ niệm 65 năm thành lập trường (1957-2022)."
205,"cbvc, người lao động trường đh bách khoa khám sức khỏe toàn diện","trường đại học bách khoa- đhqg-hcm tổ chức khám sức khỏe cho cán bộ, giảng viên, người lao động của toàn trường từ ngày 18-22/4/2022. đây là hoạt động thường niên của nhà trường trong việc chăm lo đời sống sức khỏe cho cán bộ, viên chức, người lao động."
206,cựu sinh viên dệt may săn học bổng chuyên ngành danh giá thế giới,"tốt nghiệp tháng 10 năm 2020 trường đh bách khoa, nhắc đến nguyễn phương mẫn tuệ là nhớ ngay đến cô gái xinh xắn, có “biệt tài” săn học bổng. trước đây, khi còn là sinh viên trường đh bách khoa, cô gái này đã lập nên một thành tích đáng nể: 4 năm đi 3 nước gồm ý, canada, singapore bằng học bổng và chương trình trao đổi sinh viên. ra trường gần 2 năm, cô gái lại giành được học bổng danh giá toàn cầu ngành kỹ thuật dệt (textile engineering advanced master)."
207,ngày hội tư vấn tuyển sinh- hướng nghiệp 2022: hơn 100 chuyên gia tư vấn của trường đh bách khoa sẵn sàng hỗ trợ thí sinh,"sáng nay 17/4, ngày hội tư vấn tuyển sinh - hướng nghiệp 2022 đã chính thức khai mạc tại trường đh bách khoa (268 lý thường kiệt, quận 10, tp.hcm). đây là sự kiện thường niên do bộ gd&đt, bộ lđtb&xh, trường đh bách khoa-đhqg-hcm, báo tuổi trẻ và các đơn vị phối hợp tổ chức."
208,"thông báo về việc nộp hồ sơ đăng ký xét bổ nhiệm chức danh giáo sư, phó giáo sư năm 2022","trường đại học bách khoa – đhqg-hcm thông báo về việc nộp hồ sơ đăng ký xét bổ nhiệm chức danh giáo sư, phó giáo sư năm 2022 như sau:"
209,dâng hương tưởng niệm các vua hùng nhân dịp lễ giỗ tổ hùng vương,dâng hương tưởng niệm các vua hùng nhân dịp lễ giỗ tổ hùng vương
210,"5 tập thể, 34 cá nhân được khen thưởng trong công tác kiểm định chất lượng cấp chương trình đào tạo theo tiêu chuẩn quốc tế","sáng nay 7/4/2022, hiệu trưởng trường đh bách khoa - pgs.ts mai thanh phong đã trao quyết định khen thưởng cho 05 tập thể và 34 cá nhân đã hoàn thành xuất sắc nhiệm vụ trong công tác kiểm định chất lượng chương trình đào tạo theo các bộ tiêu chuẩn quốc tế asiin, aqas, aun-qa tại trường đh bách khoa - đhqg-hcm."
211,"kết quả xếp hạng qs by subject 2022: ngành kỹ thuật dầu khí - trường đh bách khoa đạt top 50 – 100 thế giới, hạng 1 tại việt nam","tổ chức xếp hạng qs (quacquarelli symonds - anh) vừa công bố bảng xếp hạng đại học thế giới cho năm 2022 (qs world university rankings 2022 – qs subjects 2022) vào ngày 06/4/2022. theo đó, trường đh bách khoa tiếp tục có ngành kỹ thuật dầu khí được vinh danh trên bảng xếp hạng này, đạt top 50 – 100 thế giới, hạng 1 tại việt nam."
212,"7 trường đại học kỹ thuật ký kết hợp tác, cùng đẩy mạnh truyền thông","sáng nay 1/4/2022, tại phân hiệu trường đh giao thông vận tải (tp.thủ đức) 7 trường đại học kỹ thuật (“nhóm g7”) ký kết hợp tác, cùng đẩy mạnh truyền thông"
213,25 sinh viên nhận học bổng từ chương trình “bkaco – kết nối doanh nghiệp”,"sáng nay 31/3 tại hội trường b11 khoa cơ khí, 25 sinh viên trường đh bách khoa đã được nhận học bổng từ các anh chị cựu sinh viên của trường."
214,hội nghị khoa học và công nghệ trẻ bách khoa 2022,"sáng 26/3/2022, trường đại học bách khoa - đhqg -hcm tổ chức hội nghị khoa học và công nghệ trẻ năm 2022."
215,khởi động bach khoa innovation lần v năm 2022,"sáng 26/3, trường đh bách khoa-đhqg-hcm đã chính thức khởi động cuộc thi khởi nghiệp đổi mới sáng tạo ""bach khoa innovation lần thứ 5 năm 2022"" với chủ đề “hội nhập – sáng tạo – khởi nghiệp”. cuộc thi do trường đại học bách khoa phối hợp với sở khoa học công nghệ tphcm tổ chức."
216,“bkaco – kết nối doanh nghiệp” - sự kiện thứ năm hàng tuần tại khoa cơ khí,"sáng ngày 24/3/2022, buổi gặp gỡ cựu sinh viên với chủ đề “bkaco – kết nối doanh nghiệp”  đã diễn ra tại hội trường b11. đây là sự kiện diễn ra vào thứ năm hàng tuần do khoa cơ khí tổ chức."
217,"bách khoa open day 2022: xét tuyển kết hợp được thí sinh, phụ huynh quan tâm","tại sự kiện có mặt đại diện hội đồng tuyển sinh của trường đh bách khoa, phụ huynh và thí sinh đã được giải đáp nhiều thông tin hữu ích liên quan tới phương thức xét tuyển mới của năm 2022."
218,giải pháp công nghệ thông minh quản lý khu căn hộ cao cấp thành công với sự tư vấn của hcmut-tbi,"những năm gần đây, cộng đồng khởi nghiệp đang tập trung xây dựng các ứng dụng công nghệ vào các lĩnh vực đời sống xã hội, hướng đến một trong các mục tiêu thời đại là xây dựng các khu đô thị thông minh."
219,hướng dẫn bật tính năng xác minh 2 bước từ tài khoản mail trường,"gần đây, google cho biết tính năng xác thực hai bước mà công ty triển khai đã thể hiện hiệu quả trong việc bảo vệ dữ liệu cá nhân cho người dùng. do vậy, google yêu cầu người dùng phải bật tính năng xác minh 2 bước."
220,trường đh bách khoa ký kết hợp tác 3 bên thực hiện chiến lược chuyển đổi số trong ngành đường sắt,"chiều nay 16/3, lễ ký kết thỏa thuận hợp tác chiến lược giữa 3 bên: trường đại học bách khoa – đhqg-hcm (hcmut), ban quản lý đường sắt đô thị tp.hcm (maur) và công ty tnhh mtv đường sắt đô thị số 1 tp.hcm (hurc1) đã được diễn ra tại hội trường a4."
221,"trường đh bách khoa-đhqg-hcm ký kết biên bản thỏa thuận hợp tác giáo dục và nghiên cứu với đh auckland, new zealand","ngày 15/3/2022, trường đh bách khoa-đhqg-hcm đã chính thức ký kết biên bản thỏa thuận hợp tác giáo dục và nghiên cứu với đh auckland (uoa), new zealand. buổi lễ diễn ra với hình thức kết hợp trực tuyến và trực tiếp tại 2 địa điểm: trường đh bách khoa và trường đh auckland."
222,chúc mừng 03 giáo sư và 10 phó giáo sư của trường đại học bách khoa - đhqg tp.hcm đạt đủ số phiếu tín nhiệm theo quy định,"chiều 14/03/2022, hội đồng giáo sư nhà nước đã chính thức công bố kết quả số ứng viên đạt đủ số phiếu tín nhiệm theo quy định với 405 ứng viên, gồm 42 ứng viên giáo sư và 363 ứng viên phó giáo sư (xét tại phiên họp lần thứ vill của hđgsnn nhiệm kỳ 2018-2023, ngày 12/03/2022)."
223,"02 đội bách khoa giành 03 giải thưởng cao nhất cuộc thi ""sáng kiến bền vững - mitsubishi electric vietnam 2021""","ngày 12/3/2022, vòng chung kết cuộc thi thiết kế điều hoà không khí ""sáng kiến bền vững - mitsubishi electric vietnam 2021"" đã diễn  tại trường đh bách khoa-đhqg-hcm. đây là cuộc thi của công ty  mitsubishi electric vietnam phối hợp với các trường đh tổ chức dành cho các sinh viên ngành kt nhiệt để tìm hiểu về các công nghệ xanh mới nhất từ mitsubishi electric."
224,"trường đh bách khoa ký kết thỏa thuận hợp tác đào tạo bằng đôi với đh quốc gia yokohama, nhật bản","sáng nay 11/3/2022, lễ ký kết thỏa thuận hợp tác về đào tạo bằng đôi (double degree program) chương trình thạc sĩ chất lượng cao ngành quản lý xây dựng giữa trường đại học bách khoa – đhqg-hcm và đh quốc gia yokohama (yokohama national university), nhật bản đã được tổ chức thông qua hình thức trực tuyến."
225,"lãnh đạo trường tặng quà và chúc mừng nữ viên chức, người lao động của trường nhân ngày quốc tế phụ nữ 8/3","sáng nay 8/3, đảng ủy, ban giám hiệu và công đoàn trường đh bách khoa-đhqg-hcm đã đến các đơn vị để tặng quà và gửi những lời chúc tốt đẹp nhất đến các nữ viên chức, người lao động của trường nhân ngày quốc tế phụ nữ 8/3."
226,dự án trà giải lo âu assamica của sinh viên bách khoa tiếp tục thắng lớn tại epics,"vượt qua các ứng viên khác, đội hcmut team 3 - med tech đến từ trường đh bách khoa-đhqg-hcm đã xuất sắc giành giải nhì tại cuộc thi dự án kỹ thuật phục vụ cộng đồng (epics)..."
227,chúc mừng các tân thạc sĩ bk-imp khóa đầu tiên tốt nghiệp,"vừa qua, tại phòng 202 nhà a4, trường đại học bách khoa, chương trình bk-imp đã tổ chức lễ tốt nghiệp cho học viên khóa 2019. buổi lễ có sự tham dự của pgs.ts lê văn thăng – phó hiệu trưởng trường đh bách khoa, ban giám đốc và giảng viên chương trình cùng người thân, bạn bè của học viên."
228,trường đh bách khoa: tân sinh viên nô nức tham gia ngày hội kỹ thuật 2022,"sáng ngày 26/2, trường đh bách khoa đã tưng bừng tổ chức ngày hội kỹ thuật năm 2022. đây là hoạt động thường niên và cũng là sự kiên trực tiếp đầu tiên dành cho tân sinh viên khoá 2021 của trường."
229,chúc mừng 03 chương trình đào tạo của trường đh bách khoa đạt kiểm định chất lượng aqas đầu tiên ở việt nam,"mới đây, 03 chương trình đào tạo của khoa cơ khí, gồm:  kỹ thuật cơ điện tử, kỹ thuật cơ khí, kỹ thuật hệ thống công nghiệp vừa được tổ chức kiểm định uy tín thế giới aqas thông báo công nhận đạt chất lượng kiểm định. đây cũng  là 3 chương trình đạt kiểm định aqas đầu tiên ở việt nam."
230,tiếp đoàn tham tán thương mại ý tại tp. hcm,"chiều 24/2 tại phòng 103a5, đoàn tham tán thương mại ý tại tp. hcm do ông fabio de cillis - tham tán thương mại làm trưởng đoàn đã đến thăm và làm việc với trường đh bách khoa. tiếp đoàn có ts. vũ anh quang - phó trưởng phòng quan hệ đối ngoại; pgs.ts bùi mai hương - trưởng phòng quản trị thương hiệu-truyền thông, trưởng bộ môn kt dệt may."
231,trường đh bách khoa: kế hoạch năm 2022 bám sát chiến lược hoạt động giai đoạn 2021 - 2025,"chiều ngày 21/02/2022, ban thường vụ đảng ủy, ban giám đốc đhqg-hcm đã có buổi làm việc với trường đh bách khoa về kế hoạch hoạt động năm 2022 và việc triển khai kế hoạch chiến lược giai đoạn 2021-2025 theo của trường."
232,góc tin khởi nghiệp - đổi mới sáng tạo tháng 1+2/2022,"góc tin khởi nghiệp - đổi mới sáng tạo tháng 1+2/2022 với các hoạt động liên quan đến công tác hỗ trợ cho doanh nghiệp khởi nghiệp của trường. đặc biệt, dự án nghiên cứu về giao thông thông minh của giảng viên, sinh viên trường đh bách khoa nhận hàng loạt giải thưởng về đổi mới sáng tạo khởi nghiệp năm 2021."
233,nồi lẩu nướng đa năng – ý tưởng được thương mại hóa thành công từ trung tâm ươm tạo doanh nghiệp công nghệ-trường đh bách khoa,"hiện nay trên thị trường ẩm thực, lẩu nướng đã trở thành một trong những hình thức thưởng thức bữa ăn độc đáo, mới mẻ tại việt nam khi kết hợp cả hai hình thức nướng và nấu lẩu cùng lúc trên cùng một dụng cụ nấu nướng. tuy nhiên, ít ai biết được rằng, ý tưởng nồi lẩu nướng đa năng này đã được một kỹ sư cơ điện lạnh tại tp.hcm ấp ủ từ hơn 12 năm về trước."
234,tổng lãnh sự pháp tại tp.hcm đến thăm và làm việc tại trường đại học bách khoa,"sáng ngày 17/2, tổng lãnh sự pháp tại tp.hcm, bà emmanuelle pavillon-grosser làm trưởng đoàn đã đến thăm và làm việc tại trường đại học bách khoa-đhqg-hcm. đồng thời, đoàn đã tới tham quan khu thí nghiệm và làm việc với trung tâm châu á nghiên cứu về nước (ptn care) của nhà trường."
235,trường đh bách khoa ký kết thỏa thuận hợp tác với công ty portcoast,"chiều 15/02 tại tòa nhà portcoast, 328 nguyễn trọng tuyển, phường 2, quận tân bình, tp.hcm đã diễn ra lễ ký kết hợp tác giữa trường đh bách khoa-đhqg-hcm và  công ty cổ phần tư vấn thiết kế cảng - kỹ thuật biển portcoast."
236,trường đh bách khoa tiếp đón và làm việc với cơ quan trao đổi hàn lâm đức,"chiều ngày 10/2/2022, nhân ngày làm việc đầu năm mới nhâm dần 2022, đoàn cơ quan trao đổi hàn lâm đức (daad) đã đến thăm, làm việc và chúc tết trường đh bách khoa. dẫn đoàn có ông stefan hase-bergen- trưởng văn phòng đại diện daad tại hà nội (phụ trách việt nam, lào, campuchia và myanmar); ts. berndt tilp - trưởng trung tâm thông tin daad tp.hcm và ông trần thế bình, nhân viên trung tâm thông tin daad tp.hcm."
237,trường đh bách khoa: hội nghị đảng viên 6 tháng cuối năm 2021,"sáng ngày 19/1/2022, trường đh bách khoa đã tổ chức hội nghị hội nghị đảng viên 6 tháng cuối năm 2021 và triển khai nhiệm vụ trọng tâm năm 2022 tại hội trường a5."
238,đhqg-hcm bổ nhiệm chức vụ phó hiệu trưởng trường đh bách khoa,"chiều nay 12/1/2022 tại hội trường 512 - đhqg-hcm, lễ công bố quyết định tổ chức bộ máy và bổ nhiệm nhân sự đã được tổ chức trọng thể. tại buổi lễ, pgs.ts vũ hải quân - giám đốc đhqg-hcm đã trao quyết định bổ nhiệm pgs.ts lê văn thăng giữ chức vụ phó hiệu trưởng trường đh bách khoa."
239,sinh viên bách khoa nâng cao giá trị mật ong việt nam bằng phương pháp hạ thủy phần,"nhóm bee innovative gồm các sinh viên trường đh bách khoa: hoàng bá khôi, nguyễn hồng phước, võ minh tâm, nguyễn phương hạnh (khoa hóa học) và nguyễn quý khôi (khoa cơ khí) dưới sự hướng dẫn của pgs.ts. nguyễn đình quân (ptn nhiên liệu sinh học và biomass) đã nghiên cứu và chế tạo thành công thiết bị thiết bị cô quay chân không kết hợp hấp phụ hơi nước bằng zeolite nhằm tách nước khỏi mật ong nâng cao chất lượng và giá trị thương mại."
240,"trường đh bách khoa: chuỗi hoạt động ý nghĩa chào mừng ngày truyền thống học sinh, sinh viên và hội sinh viên việt nam 9/1","thiết thực chào mừng kỷ niệm 72 năm ngày truyền thống học sinh sinh viên và hội sinh viên việt nam (9/1/1950-9/1/2022), trường đh bách khoa - đhqg-hcm đã tổ chức nhiều hoạt động ý nghĩa nhân ngày truyền thống học sinh, sinh viên và hội sinh viên việt nam: lễ tuyên dương sinh viên 5 tốt, gala vinh danh các giải thưởng nghiên cứu khoa học, học thuật, trao giải thưởng tuổi trẻ bách khoa – bk youth award 2021 thông qua hình thức trực tuyến."
241,họp hội đồng khoa học và đào tạo trường đh bách khoa,"sáng ngày 07/1/2022, hội đồng khoa học và đào tạo trường đh bách khoa-đhqg-hcm họp thảo luận và thống nhất một số công việc trọng tâm trong thời gian tới."
242,"trường đh bách khoa có 03 công trình, cụm công trình đạt giải thưởng sáng tạo tp. hcm năm 2021","tối 30/12, lễ công bố và trao giải thưởng sáng tạo tp. hcm lần thứ 2-2021 được tổ chức tại nhà hát thành phố hcm. tham dự có bà võ thị ánh xuân - phó chủ tịch nước; ông phan văn mãi - chủ tịch ubnd tphcm; bà nguyễn thị quyết tâm - nguyên chủ tịch hđnd tphcm; bà tô thị bích châu - chủ tịch ủy ban mttq việt nam tphcm..."
243,"nghiên cứu về giao thông thông minh của giảng viên, sinh viên trường đh bách khoa nhận hàng loạt giải thưởng về đổi mới sáng tạo khởi nghiệp năm 2021","hệ thống dự báo tình trạng giao thông đô thị dựa vào dữ liệu từ cộng đồng (utraffic: urban traffic estimation system) của nhóm giảng viên, sinh viên trường đh bách khoa do pgs.ts trần minh quang - giảng viên khoa khoa học và kỹ thuật máy tính và các thành viên đã đạt được nhiều giải về đổi mới sáng tạo khởi nghiệp tại tp.hcm trong năm 2021."
244,euréka 2021: students of the university of technology gained a great victory!,"lễ tổng kết trao giải - giải thưởng sinh viên nghiên cứu khoa học - euréka lần thứ 23 năm 2021 được tổ chức trang trọng vào ngày 18/12 vừa qua tại tp. hcm. đề tài: “chế tạo bộ phản ứng xúc tác dehydrate tạo etylene định hướng sử dụng trong xử lý chín trái cây” của sinh viên trường đh bách khoa – đhqg-hcm đã xuất sắc đạt giải nhất lĩnh vực công nghệ thực phẩm. ngoài giải nhất, sinh viên trường còn xuất sắc đạt thêm 01 giải ba và 03 giải khuyến khích."
245,"hội khuyến học thương gia đài loan trao học bổng cho 23 nghiên cứu sinh, học viên cao học trường đh bách khoa","sáng nay 28/12 tại ht a4, hội khuyến học thương gia đài loan tại vn và trường đh bách khoa-đhqg-hcm đã tiến hành trao học bổng cho 23 nghiên cứu sinh, học viên cao học với tổng  trị giá 270 triệu đồng."
246,"hội nghị thường niên đhqg-hcm 2021: nhiều tập thể, cá nhân trường đh bách khoa được vinh danh, khen thưởng","sáng nay 22/12, đại học quốc gia tp. hcm tổ chức hội nghị thường niên năm 2021 tại hội trường trần chí đáo. hội nghị nhằm tổng kết các hoạt động năm 2021 và triển khai hoạt động năm 2022."
247,bk run 2021: đường chạy tràn ngập sắc xanh,"sáng nay 21/12/2021, giải việt dã truyền thống của trường đh bách khoa - đhqg-hcm được tổ chức tại sân a5 nhằm chào mừng kỷ niệm chào mừng kỷ niệm ngày thành lập quân đội nhân dân việt nam 22/12.  giải cũng là sân chơi để giảng viên, viên chức, người lao động, của trường giao lưu, học hỏi, tích cực trong việc tham gia các phong trào thể dục thể thao, nâng cao sức khỏe."
248,"hội nghị ban đại diện cộng đồng cựu sinh viên phú thọ - bách khoa lần thứ ii, nhiệm kỳ 2021 - 2023","ngày 18/12/2021, ban đại diện cộng đồng cựu sinh viên phú thọ - bách khoa đã long trọng tổ chức hội nghị ban đại diện cộng đồng cựu sinh viên phú thọ - bách khoa lần thứ ii – nhiệm kỳ 2021 - 2023."
249,trường đh bách khoa họp mặt viên chức nghỉ hưu 2021,"chiều 20/12/2021, trường đh bách khoa - đhqg-hcm tổ chức buổi họp  mặt các giảng viên, cán bộ viên chức nghỉ hưu trong năm 2021."
250,"02 đội thi của sinh viên, học viên bách khoa chiến thắng cuộc thi quốc tế về ý tưởng nghiên cứu có giá trị về khoa học, ứng dụng","cuộc thi international capstone design contest 2021 là cuộc thi giữa các đội sinh viên của các trường đại học ở hàn quốc và quốc tế về ý tưởng nghiên cứu có giá trị về khoa học, về ứng dụng do trường đại học quốc gia pukyong (hàn quốc) tổ chức từ 26/11 đến 8/12/2021."
251,chúc mừng 03 nữ sinh viên bách khoa nhận phần thưởng nữ sinh viên tiêu biểu trong lĩnh vực khoa học công nghệ năm 2021,"sáng ngày 19/12, tại trường đại học xây dựng (hà nội) đã diễn ra lễ trao phần thưởng nữ sinh viên tiêu biểu trong lĩnh vực khoa học công nghệ năm 2021."
252,trường đh bách khoa- đhqg-hcm được công nhận đạt chuẩn chất lượng giáo dục nước ngoài,"mới đây, cục quản lý chất lượng (bộ gd-đt) vừa công bố các cơ sở giáo dục đại học được công nhận đạt tiêu chuẩn chất lượng giáo dục theo tiêu chuẩn nước ngoài. theo đó, trường đh bách khoa- đhqg-hcm và 6 trường tại vn được bộ gd-đt công nhận đạt tiêu chuẩn nước ngoài."
253,"trường đh bách khoa trao huy hiệu 40, 30 năm tuổi đảng và tuyên dương tập thể, cá nhân điển hình trong phong trào thi đua “dân vận khéo” năm 2021","sáng nay 16/12 tại ht a4, trường đh bách khoa - đhqg-hcm đã tổ chức lễ trao huy hiệu đảng và tuyên dương tập thể, cá nhân điển hình trong phong trào thi đua “dân vận khéo” năm 2021."
254,"trường đh bách khoa lắp đặt hệ thống iot check-in bách khoa do giảng viên, sinh viên trường chế tạo","nhằm chuẩn bị cho việc triển khai giảng dạy trực tiếp, trường đh bách khoa-đhqg-hcm tiến hành lắp đặt hệ thống iot check-in bách khoa do giảng viên, sinh viên trường chế tạo vào sáng nay 10/12/2021."
255,chúc mừng nhóm med tech đạt giải nhất cuộc thi bách khoa innovation 2021,"ngày 12/12/2021, vòng chung kết - cuộc thi bách khoa innovation 2021 chính thức diễn ra tại trường đh bách khoa – đhqg-hcm với màn tranh tài của 20 đội đã chiến thắng ở vòng bán kết (18 nhóm đại học, 02 nhóm thpt) với hình thức trực tuyến."
256,"lễ ký kết mou và thảo luận hợp tác giữa trường đh bách khoa và đại học quốc gia kunsan, hàn quốc","ngày 08/12/2021, lễ ký kết biên bản ghi nhớ (mou) và thảo luận hợp tác giữa trường đh bách khoa-đhqg-hcm với đại học quốc gia kunsan (hàn quốc) đã diễn ra với hình thức trực tuyến."
257,giảng viên trường đh bách khoa được hội đồng cấp nhà nước đề nghị tặng giải thưởng hồ chí minh,"mới đây, cụm công trình ""nghiên cứu đổi mới và phát triển công nghệ và thiết bị chế biến lương thực - thực phẩm và nông sản việt nam"" của ngnd. pgs.ts trần doãn sơn - giảng viên khoa cơ khí - trường đh bách khoa-đhqg-hcm vừa được hội đồng cấp nhà nước đề nghị tặng giải thưởng hồ chí minh trong lĩnh vực khoa học công nghệ đợt 6."
258,trường đh bách khoa và trường đh y khoa phạm ngọc thạch hợp tác cùng chăm lo sức khỏe nhân dân,"chiều ngày 2/12, trường đại học bách khoa- đhqg-hcm và trường đại học y khoa phạm ngọc thạch đã ký kết thỏa thuận hợp tác toàn diện. hai đơn vị cùng thống nhất hợp tác nhằm nâng cao hiệu quả trong các hoạt động dịch vụ chăm sóc sức khỏe cho người dân."
259,"thông báo công khai kết quả xét công nhận đạt tiêu chuẩn chức danh giáo sư, phó giáo sư năm 2021","thực hiện khoản 3 điều 12 của quyết định số 37/2018/qđ-ttg ngày 31 tháng 8 năm 2018 của thủ tướng chính phủ ban hành quy định tiêu chuẩn, thủ tục xét công nhận đạt tiêu chuẩn và bổ nhiệm chức danh giáo sư, phó giáo sư; thủ tục xét hủy bỏ công nhận chức danh và miễn nhiệm chức danh giáo sư, phó giáo sư, hội đồng giáo sư cơ sở  trường đại học bách khoa – đại học quốc gia thành phố hồ chí minh thông báo đến toàn thể viên chức và người lao động thông tin công khai kết quả xét công nhận đạt tiêu chuẩn chức danh giáo sư, phó giáo sư năm 2021 như sau:"
260,"diễn đàn thường niên công nghiệp - bách khoa - doanh nghiệp, chủ đề năm 2021: khởi đầu một nền tảng","chiều 24/11/2021, diễn đàn thường niên công nghiệp – bách khoa - doanh nghiệp đã được diễn ra tại tầng 19 tòa nhà sofic, số 10 mai chí thọ, p. thủ thiêm, tp. thủ đức, tp.hcm. sự kiện do trường đh bách khoa- đhqg-hcm phối hợp với ban đại diện cộng đồng cựu sinh viên phú thọ - bách khoa (bka) tổ chức theo hình thức hybrid conference (trực tiếp và trực tuyến)."
261,"hội nghị viên chức, người lao động trường đh bách khoa-đhqg-hcm năm học 2021 - 2022","sáng nay 23/11/2021, trường đh bách khoa đã tổ chức hội nghị viên chức, người lao động năm học 2021-2022 theo hình thức trực tuyến. tham dự hội nghị có 12 đại biểu đương nhiên, 177 đại biểu được bầu từ các hội nghị viên chức cơ sở của trường."
262,chuyển đổi số và đổi mới sáng tạo phục vụ phát triển kinh tế - xã hội,
263,350 phần quà an sinh cho sinh viên bách khoa từ đoàn thanh niên ngân hàng bidv,"350 phần, mỗi phần quà trị giá 300.000 đồng (tổng giá trị là 105 triệu đồng) vừa được đoàn thanh niên ngân hàng bidv - chi nhánh ba tháng hai trao cho đoàn trường đh bách khoa - đhqg-hcm để gửi đến các bạn sinh viên nhà trường bị ảnh hưởng bởi dịch covid-19 sáng ngày 12/11 vừa qua."
264,"công khai bản đăng ký xét công nhận đạt tiêu chuẩn chức danh giáo sư, phó giáo sư năm 2021","thực hiện quyết định số 37/2018/qđ-ttg ngày 31 tháng 8 năm 2018 của thủ tướng chính phủ ban hành quy định tiêu chuẩn, thủ tục xét công nhận đạt tiêu chuẩn và bổ nhiệm chức danh giáo sư, phó giáo sư; thủ tục xét hủy bỏ công nhận chức danh và miễn nhiệm chức danh giáo sư, phó giáo sư, ban giám hiệu trường đại học bách khoa – đhqg-hcm thông báo đến toàn thể viên chức và người lao động địa chỉ công khai danh sách và bản đăng ký của các ứng viên đăng ký xét công nhận đạt tiêu chuẩn chức danh gs, pgs năm 2021 tại hội đồng giáo sư cơ sở trường đại học bách khoa – đhqg-hcm như sau:"
265,chào mừng ngày pháp luật việt nam năm 2021 (09/11/2021),"điều 8 của luật phổ biến, giáo dục pháp luật năm 2012 quy định: “ngày 09/11 hằng năm là ngày pháp luật nước cộng hòa xã hội chủ nghĩa việt nam. ngày pháp luật được tổ chức nhằm tôn vinh hiến pháp, pháp luật, giáo dục ý thức thượng tôn pháp luật cho mọi người trong xã hội”."
266,hơn 1.000 vị trí việc làm tại bach khoa online career fair 2021 đang chờ bạn!,"bach khoa career fair là một trong những sự kiện tuyển dụng lớn nhất trong năm ở khu vực miền nam, được diễn ra thường niên tại trường đh bách khoa - đhqg-hcm."
267,3/5 dự án của sinh viên bách khoa vào top 5 s&ip 2021,"ngày 29/10,  top5 dự án xuất sắc nhất cuộc thi s&ip2021 đã được lựa chọn, trong đó có 3/5 dự án là của sinh viên trường đh bách khoa."
268,cơ hội thiết kế không gian truyền thống sinh viên phú thọ-bách khoa,"“không gian truyền thống sinh viên phú thọ-bách khoa” là nơi lưu dấu cho cộng đồng sinh viên, cựu sinh viên và giảng viên trường đh bách khoa - đhqg-hcm, dự kiến đặt tại cổng 1 (lý thường kiệt) trường đh bách khoa."
269,chúc mừng đội bk - exciter đoạt giải vô địch cuộc thi b.i.m - next generation lần i,"đội bk - exciter gồm 3 thành viên năm cuối khoa kt xây dựng - trường đh bách khoa- đhqg-hcm: đoàn anh thi, nguyễn minh tân, nguyễn văn bảo vừa xuất sắc đoạt giải vô địch tại vòng chung kết cuộc thi b.i.m - next generation lần i do đoàn khoa kt xây dựng tổ chức ngày 24/10 vừa qua."
270,bosch tài trợ phòng thí nghiệm cho trường đh bách khoa thúc đẩy hoạt động nghiên cứu khoa học,sáng nay 25/10 tại trường đh bách khoa - đhqg-hcm đã tổ chức lễ ký kết thỏa thuận giữa công ty tnhh bosch việt nam và trường đh bách khoa về việc tài trợ phòng thí nghiệm công nghệ ô tô bosch đặt tại xưởng c3 - khoa kỹ thuật giao thông.
271,"trường đh bách khoa tặng quà chúc mừng nữ cán bộ viên chức, người lao động nhân ngày 20/10","nhân kỷ niệm 91 năm ngày thành lập hội liên hiệp phụ nữ việt nam (20/10/1930 - 20/10/2021), 11 năm kỷ niệm ngày phụ nữ việt nam (20/10/2010 - 20/10/2021), công đoàn trường đh bách khoa - đhqg-hcm đã tổ chức tặng quà cho tất cả nữ cán bộ viên chức, người lao động toàn trường."
